Frame,Progress,VisibleTiles,RenderableTiles,MissingCount
1,0.00907,180,0,180
2,0.01009,45,0,4
3,0.01026,45,0,0
4,0.01043,45,0,0
5,0.01060,45,0,0
6,0.01077,43,0,0
7,0.01094,43,0,1
8,0.01111,43,0,0
9,0.01128,43,0,0
10,0.01145,46,0,4
11,0.01162,46,1,0
12,0.01179,46,1,0
13,0.01196,46,1,0
14,0.01213,44,1,0
15,0.01230,44,1,0
16,0.01247,44,1,0
17,0.01264,44,1,0
18,0.01281,44,1,0
19,0.01298,43,1,0
20,0.01315,43,1,0
21,0.01332,43,1,0
22,0.01349,43,1,0
23,0.01366,41,1,0
24,0.01383,41,1,0
25,0.01400,41,1,0
26,0.01417,41,1,0
27,0.01434,41,1,0
28,0.01451,41,1,0
29,0.01468,41,1,0
30,0.01485,40,1,0
31,0.01502,39,1,0
32,0.01519,41,1,3
33,0.01536,41,1,0
34,0.01553,41,1,0
35,0.01570,41,1,0
36,0.01587,41,1,0
37,0.01604,40,1,0
38,0.01621,40,1,0
39,0.01638,39,1,0
40,0.01655,39,1,0
41,0.01672,39,1,0
42,0.01689,38,1,0
43,0.01706,38,1,0
44,0.01723,38,1,0
45,0.01740,38,1,0
46,0.01757,37,1,0
47,0.01774,37,1,0
48,0.01791,37,1,0
49,0.01808,37,1,0
50,0.01825,37,1,0
51,0.01842,37,1,0
52,0.01859,37,1,0
53,0.01876,37,1,0
54,0.01893,35,1,0
55,0.01910,35,1,0
56,0.01926,35,1,0
57,0.01943,38,1,4
58,0.01960,43,1,7
59,0.01977,43,1,0
60,0.01994,43,1,0
61,0.02011,43,1,1
62,0.02028,43,1,0
63,0.02045,43,1,0
64,0.02062,43,1,1
65,0.02079,43,1,0
66,0.02096,44,1,1
67,0.02113,44,1,1
68,0.02130,45,1,4
69,0.02147,45,1,0
70,0.02164,44,1,0
71,0.02182,44,1,0
72,0.02199,44,1,0
73,0.02216,44,1,0
74,0.02233,44,1,0
75,0.02250,43,1,0
76,0.02267,42,1,0
77,0.02284,42,1,0
78,0.02301,42,1,0
79,0.02317,42,1,0
80,0.02334,42,1,0
81,0.02351,42,1,2
82,0.02368,41,1,0
83,0.02385,40,1,1
84,0.02402,43,1,4
85,0.02419,43,1,0
86,0.02437,43,1,0
87,0.02454,43,1,0
88,0.02471,42,1,0
89,0.02488,42,1,0
90,0.02505,42,1,0
91,0.02522,42,1,0
92,0.02539,42,1,0
93,0.02555,42,1,0
94,0.02572,40,1,0
95,0.02589,40,1,0
96,0.02607,40,1,0
97,0.02623,40,1,0
98,0.02640,40,1,0
99,0.02657,39,1,0
100,0.02674,38,1,0
101,0.02691,41,1,5
102,0.02708,41,1,0
103,0.02725,44,1,4
104,0.02742,43,1,0
105,0.02759,42,1,0
106,0.02776,41,1,0
107,0.02793,44,1,4
108,0.02810,44,1,0
109,0.02827,44,1,0
110,0.02844,44,1,0
111,0.02861,44,1,0
112,0.02878,43,1,0
113,0.02895,42,1,0
114,0.02912,42,1,0
115,0.02929,41,1,0
116,0.02945,41,1,0
117,0.02963,40,1,0
118,0.02980,40,1,0
119,0.02997,40,1,0
120,0.03014,40,1,0
121,0.03031,43,1,4
122,0.03048,42,1,0
123,0.03065,40,1,0
124,0.03082,40,1,0
125,0.03099,41,1,2
126,0.03116,41,1,0
127,0.03133,42,1,1
128,0.03150,41,1,0
129,0.03167,41,1,0
130,0.03184,40,1,0
131,0.03201,40,1,0
132,0.03218,40,1,0
133,0.03235,39,1,0
134,0.03252,38,1,0
135,0.03269,38,1,0
136,0.03286,41,1,4
137,0.03303,41,1,0
138,0.03320,40,1,0
139,0.03337,43,1,5
140,0.03354,45,1,4
141,0.03371,44,1,0
142,0.03388,43,1,0
143,0.03405,41,1,0
144,0.03422,41,1,0
145,0.03439,41,1,0
146,0.03456,41,1,0
147,0.03473,41,1,0
148,0.03490,39,1,0
149,0.03507,39,1,0
150,0.03524,39,1,0
151,0.03541,39,1,0
152,0.03558,39,1,0
153,0.03575,38,33,1
154,0.03592,39,35,3
155,0.03609,39,35,0
156,0.03626,39,35,0
157,0.03642,38,34,0
158,0.03659,37,34,0
159,0.03676,37,34,0
160,0.03693,36,33,0
161,0.03710,37,33,1
162,0.03727,36,33,0
163,0.03744,36,33,0
164,0.03761,36,33,0
165,0.03778,36,33,0
166,0.03795,36,33,0
167,0.03812,35,35,0
168,0.03829,35,35,0
169,0.03846,42,36,9
170,0.03863,42,36,0
171,0.03880,41,36,0
172,0.03897,42,36,1
173,0.03914,42,36,0
174,0.03931,42,35,1
175,0.03948,43,35,1
176,0.03965,42,35,0
177,0.03982,41,35,0
178,0.03999,41,38,0
179,0.04016,41,38,0
180,0.04033,40,40,0
181,0.04050,40,40,0
182,0.04067,40,40,0
183,0.04084,40,40,0
184,0.04101,39,39,0
185,0.04118,41,38,5
186,0.04135,41,38,0
187,0.04152,41,38,0
188,0.04169,40,38,0
189,0.04186,40,38,0
190,0.04203,40,38,0
191,0.04220,40,38,0
192,0.04237,38,37,0
193,0.04254,38,38,0
194,0.04271,38,38,0
195,0.04288,41,38,4
196,0.04305,40,36,2
197,0.04322,42,36,3
198,0.04339,42,36,0
199,0.04356,42,35,2
200,0.04372,43,34,4
201,0.04389,43,34,0
202,0.04406,43,34,0
203,0.04423,43,34,0
204,0.04440,45,34,4
205,0.04458,44,36,0
206,0.04475,43,35,0
207,0.04492,43,35,2
208,0.04509,43,39,0
209,0.04526,46,39,4
210,0.04543,46,39,0
211,0.04559,45,42,0
212,0.04576,45,42,0
213,0.04593,47,41,4
214,0.04610,47,42,0
215,0.04627,47,41,1
216,0.04644,46,40,0
217,0.04661,45,39,0
218,0.04678,44,39,0
219,0.04695,46,38,4
220,0.04712,49,38,4
221,0.04729,49,38,0
222,0.04746,51,39,4
223,0.04763,53,41,5
224,0.04780,53,41,0
225,0.04797,52,41,0
226,0.04814,51,40,0
227,0.04831,51,43,0
228,0.04848,51,43,0
229,0.04865,49,45,0
230,0.04882,49,46,0
231,0.04899,49,46,0
232,0.04915,47,44,0
233,0.04932,49,47,3
234,0.04949,49,47,0
235,0.04966,48,46,0
236,0.04983,47,46,0
237,0.05000,47,47,0
238,0.05017,45,45,0
239,0.05034,44,44,0
240,0.05051,44,44,0
241,0.05068,44,44,0
242,0.05085,42,42,0
243,0.05102,48,41,10
244,0.05119,48,41,0
245,0.05136,47,41,0
246,0.05153,48,41,1
247,0.05170,48,40,1
248,0.05187,48,38,1
249,0.05204,49,38,1
250,0.05221,48,37,0
251,0.05238,47,40,0
252,0.05255,47,40,0
253,0.05272,50,40,4
254,0.05289,48,45,0
255,0.05306,51,45,5
256,0.05323,50,44,0
257,0.05340,49,47,0
258,0.05357,48,46,0
259,0.05374,48,46,0
260,0.05391,46,46,0
261,0.05408,46,46,0
262,0.05425,46,46,0
263,0.05442,49,45,6
264,0.05458,49,44,2
265,0.05475,50,44,1
266,0.05493,50,42,4
267,0.05509,50,42,0
268,0.05526,50,46,0
269,0.05543,49,46,0
270,0.05560,48,45,0
271,0.05577,47,44,0
272,0.05594,46,46,0
273,0.05612,49,46,4
274,0.05629,49,46,0
275,0.05646,46,44,0
276,0.05662,46,44,0
277,0.05679,46,44,0
278,0.05696,46,43,1
279,0.05713,45,42,0
280,0.05730,44,42,0
281,0.05747,46,41,4
282,0.05764,46,43,0
283,0.05782,50,41,9
284,0.05798,49,40,0
285,0.05815,48,42,2
286,0.05832,47,41,0
287,0.05849,47,41,0
288,0.05866,45,41,0
289,0.05883,45,44,0
290,0.05900,45,44,0
291,0.05917,44,43,2
292,0.05934,45,43,1
293,0.05951,46,42,4
294,0.05968,46,42,0
295,0.05985,47,41,3
296,0.06002,46,41,0
297,0.06019,46,44,0
298,0.06036,44,43,0
299,0.06053,51,42,9
300,0.06070,49,41,0
301,0.06087,49,41,1
302,0.06104,49,41,0
303,0.06121,47,33,1
304,0.06138,48,33,1
305,0.06155,48,33,1
306,0.06172,47,36,0
307,0.06189,47,36,0
308,0.06206,49,36,4
309,0.06223,48,36,1
310,0.06240,47,45,0
311,0.06257,46,44,0
312,0.06274,46,46,0
313,0.06291,44,44,0
314,0.06308,47,44,4
315,0.06325,48,43,4
316,0.06341,47,42,0
317,0.06358,49,40,7
318,0.06375,49,40,0
319,0.06392,52,43,4
320,0.06409,53,43,3
321,0.06426,51,42,0
322,0.06443,49,41,0
323,0.06460,52,44,4
324,0.06477,50,45,0
325,0.06494,50,48,0
326,0.06511,48,47,0
327,0.06528,48,47,0
328,0.06545,47,44,1
329,0.06563,48,43,4
330,0.06579,48,43,0
331,0.06596,50,44,5
332,0.06613,49,43,0
333,0.06630,48,46,0
334,0.06647,47,45,0
335,0.06664,44,44,0
336,0.06681,44,44,0
337,0.06698,44,43,2
338,0.06715,43,42,0
339,0.06732,44,41,4
340,0.06749,44,41,0
341,0.06766,44,40,3
342,0.06782,43,40,0
343,0.06800,41,40,0
344,0.06817,47,39,10
345,0.06834,44,38,0
346,0.06851,44,38,0
347,0.06868,47,37,5
348,0.06885,47,37,1
349,0.06902,48,34,2
350,0.06918,47,34,0
351,0.06935,46,33,0
352,0.06953,47,35,5
353,0.06969,45,38,0
354,0.06986,45,38,0
355,0.07003,43,42,0
356,0.07020,43,42,0
357,0.07037,47,43,6
358,0.07054,46,41,2
359,0.07071,47,39,5
360,0.07088,47,39,0
361,0.07105,47,38,3
362,0.07122,45,41,0
363,0.07139,43,39,0
364,0.07156,46,39,4
365,0.07173,43,41,0
366,0.07190,42,40,0
367,0.07207,41,40,0
368,0.07224,40,40,0
369,0.07241,40,38,1
370,0.07258,42,37,4
371,0.07275,48,30,10
372,0.07292,47,29,0
373,0.07309,45,28,0
374,0.07326,43,30,0
375,0.07343,42,30,0
376,0.07360,41,30,0
377,0.07377,41,40,2
378,0.07394,43,39,5
379,0.07410,43,28,1
380,0.07427,41,27,0
381,0.07444,41,27,0
382,0.07461,39,26,0
383,0.07478,45,27,8
384,0.07495,44,26,0
385,0.07512,43,26,0
386,0.07529,42,24,1
387,0.07546,42,23,2
388,0.07563,42,23,0
389,0.07580,41,22,0
390,0.07597,41,22,0
391,0.07614,42,21,4
392,0.07631,40,39,0
393,0.07648,40,39,0
394,0.07665,39,39,0
395,0.07682,39,39,0
396,0.07698,38,37,2
397,0.07716,39,37,3
398,0.07733,41,36,4
399,0.07750,43,35,4
400,0.07766,43,36,0
401,0.07783,42,34,2
402,0.07800,42,35,0
403,0.07817,42,37,2
404,0.07834,44,37,4
405,0.07851,45,40,1
406,0.07868,42,38,0
407,0.07886,42,38,0
408,0.07903,44,40,4
409,0.07920,44,40,2
410,0.07936,46,39,4
411,0.07953,45,38,0
412,0.07971,44,37,0
413,0.07988,44,37,0
414,0.08005,46,36,4
415,0.08022,45,36,0
416,0.08039,45,36,0
417,0.08056,45,1,1
418,0.08073,44,1,0
419,0.08090,43,1,0
420,0.08107,42,1,0
421,0.08124,48,1,9
422,0.08141,48,1,0
423,0.08158,49,1,2
424,0.08175,47,1,0
425,0.08192,46,1,0
426,0.08209,46,1,0
427,0.08226,45,1,0
428,0.08243,45,1,1
429,0.08260,45,1,0
430,0.08277,44,1,0
431,0.08294,44,1,0
432,0.08311,43,1,0
433,0.08328,46,1,4
434,0.08345,44,1,2
435,0.08362,44,1,0
436,0.08379,42,1,0
437,0.08396,44,1,4
438,0.08412,47,1,4
439,0.08429,47,1,0
440,0.08446,45,1,0
441,0.08463,45,1,0
442,0.08480,42,1,0
443,0.08497,41,1,0
444,0.08514,41,1,0
445,0.08531,40,1,0
446,0.08548,41,1,4
447,0.08565,44,1,6
448,0.08583,44,1,1
449,0.08600,44,1,0
450,0.08617,43,1,0
451,0.08634,44,32,1
452,0.08651,44,32,0
453,0.08668,43,31,1
454,0.08685,43,31,0
455,0.08702,43,31,0
456,0.08719,43,31,0
457,0.08736,41,34,0
458,0.08753,40,33,0
459,0.08770,40,33,0
460,0.08787,40,33,0
461,0.08804,40,37,0
462,0.08821,40,37,1
463,0.08838,40,37,0
464,0.08855,39,37,0
465,0.08872,39,37,0
466,0.08889,39,39,0
467,0.08906,39,39,0
468,0.08923,40,37,4
469,0.08939,40,37,0
470,0.08956,40,37,0
471,0.08973,40,36,2
472,0.08990,40,36,0
473,0.09007,40,36,0
474,0.09025,43,36,4
475,0.09042,43,1,1
476,0.09059,43,1,0
477,0.09076,41,1,0
478,0.09093,40,1,0
479,0.09110,41,1,1
480,0.09127,41,1,0
481,0.09144,41,1,0
482,0.09161,40,1,0
483,0.09178,40,1,0
484,0.09195,40,40,0
485,0.09212,39,39,0
486,0.09229,38,38,0
487,0.09246,39,1,1
488,0.09263,38,1,0
489,0.09280,37,1,0
490,0.09297,37,1,0
491,0.09313,37,37,0
492,0.09330,36,36,0
493,0.09347,36,36,0
494,0.09365,38,35,4
495,0.09381,38,33,3
496,0.09398,38,33,0
497,0.09415,40,33,4
498,0.09433,40,36,0
499,0.09450,39,36,0
500,0.09466,39,36,0
501,0.09483,40,31,1
502,0.09500,40,31,0
503,0.09517,41,1,2
504,0.09534,41,1,0
505,0.09551,42,1,1
506,0.09568,40,1,0
507,0.09585,40,1,0
508,0.09602,40,1,0
509,0.09619,39,1,0
510,0.09636,39,1,0
511,0.09653,39,39,0
512,0.09670,39,39,0
513,0.09687,39,1,1
514,0.09704,39,1,0
515,0.09721,39,1,0
516,0.09738,38,1,0
517,0.09755,38,38,0
518,0.09772,38,38,0
519,0.09789,38,38,0
520,0.09806,38,38,0
521,0.09823,38,38,0
522,0.09840,38,38,0
523,0.09857,37,37,0
524,0.09874,37,37,0
525,0.09891,37,37,0
526,0.09908,36,36,0
527,0.09925,36,36,0
528,0.09942,36,36,0
529,0.09959,36,36,0
530,0.09976,35,35,0
531,0.09993,35,35,0
532,0.10010,35,35,0
533,0.10027,34,34,0
534,0.10044,34,34,0
535,0.10061,34,34,0
536,0.10078,34,34,0
537,0.10095,34,34,0
538,0.10112,37,34,4
539,0.10129,36,33,0
540,0.10146,36,1,1
541,0.10163,36,1,0
542,0.10180,36,1,0
543,0.10197,36,1,0
544,0.10214,36,1,0
545,0.10231,36,1,1
546,0.10247,36,1,0
547,0.10264,35,1,0
548,0.10281,35,35,0
549,0.10298,34,34,0
550,0.10315,35,1,1
551,0.10332,35,1,0
552,0.10349,38,1,4
553,0.10366,38,1,0
554,0.10383,38,1,0
555,0.10400,38,35,0
556,0.10417,38,35,0
557,0.10434,37,35,0
558,0.10451,37,35,0
559,0.10468,36,34,0
560,0.10485,36,36,0
561,0.10502,36,36,0
562,0.10519,36,36,0
563,0.10536,35,35,0
564,0.10553,35,35,0
565,0.10570,35,35,0
566,0.10587,35,35,0
567,0.10604,35,35,0
568,0.10621,35,35,0
569,0.10638,35,35,0
570,0.10655,35,35,0
571,0.10672,35,35,0
572,0.10689,35,1,1
573,0.10706,35,1,0
574,0.10723,34,1,0
575,0.10740,34,1,0
576,0.10757,34,1,0
577,0.10774,34,1,0
578,0.10791,34,34,0
579,0.10808,33,33,0
580,0.10825,33,33,0
581,0.10842,32,32,0
582,0.10859,32,32,0
583,0.10876,32,32,0
584,0.10893,32,32,0
585,0.10910,32,32,0
586,0.10927,32,32,0
587,0.10944,36,1,5
588,0.10961,36,1,0
589,0.10978,36,1,0
590,0.10995,36,1,0
591,0.11012,36,1,0
592,0.11029,35,32,0
593,0.11046,35,35,0
594,0.11063,35,35,0
595,0.11080,35,35,0
596,0.11097,35,35,0
597,0.11114,38,35,4
598,0.11131,38,35,0
599,0.11148,38,35,0
600,0.11165,38,35,0
601,0.11182,38,35,0
602,0.11199,38,38,0
603,0.11215,37,37,1
604,0.11232,37,37,0
605,0.11249,37,37,0
606,0.11266,37,37,0
607,0.11283,37,37,0
608,0.11300,37,37,0
609,0.11317,37,36,2
610,0.11334,37,36,0
611,0.11351,36,35,0
612,0.11368,36,35,0
613,0.11385,36,35,0
614,0.11402,36,36,0
615,0.11419,36,36,0
616,0.11436,36,36,0
617,0.11452,36,36,0
618,0.11469,36,36,0
619,0.11486,36,36,0
620,0.11503,36,36,0
621,0.11520,35,35,0
622,0.11537,35,35,0
623,0.11553,34,34,0
624,0.11570,34,34,0
625,0.11587,34,34,0
626,0.11604,34,34,0
627,0.11621,34,34,0
628,0.11638,33,33,0
629,0.11655,33,33,0
630,0.11672,33,33,0
631,0.11689,33,33,0
632,0.11706,33,33,0
633,0.11723,33,33,0
634,0.11740,33,33,0
635,0.11757,33,33,0
636,0.11774,33,33,0
637,0.11791,33,33,0
638,0.11808,33,33,0
639,0.11825,33,33,0
640,0.11842,33,33,0
641,0.11859,32,32,0
642,0.11876,32,32,0
643,0.11893,32,32,0
644,0.11910,32,32,0
645,0.11927,32,32,0
646,0.11944,32,32,0
647,0.11961,32,32,0
648,0.11978,32,32,0
649,0.11995,32,32,0
650,0.12012,32,32,0
651,0.12029,32,32,0
652,0.12046,32,32,0
653,0.12063,31,31,0
654,0.12079,31,31,0
655,0.12096,31,31,0
656,0.12113,31,31,0
657,0.12130,31,31,0
658,0.12147,31,31,0
659,0.12164,31,31,0
660,0.12181,31,31,0
661,0.12198,31,31,0
662,0.12215,30,30,0
663,0.12232,30,30,0
664,0.12249,30,30,0
665,0.12266,30,30,0
666,0.12283,31,1,1
667,0.12300,31,1,0
668,0.12317,31,1,0
669,0.12334,31,1,0
670,0.12351,30,1,0
671,0.12368,30,30,0
672,0.12384,30,30,0
673,0.12401,30,30,0
674,0.12418,30,30,0
675,0.12435,30,30,0
676,0.12452,30,30,0
677,0.12469,30,30,1
678,0.12486,29,29,0
679,0.12503,29,29,0
680,0.12520,29,29,0
681,0.12537,29,29,0
682,0.12554,29,29,0
683,0.12571,29,29,0
684,0.12588,29,29,0
685,0.12605,29,29,0
686,0.12622,28,28,0
687,0.12639,28,28,0
688,0.12656,28,28,0
689,0.12673,28,28,0
690,0.12690,28,28,0
691,0.12707,28,28,0
692,0.12724,28,28,0
693,0.12740,28,28,0
694,0.12758,28,28,0
695,0.12775,28,28,0
696,0.12791,28,28,0
697,0.12808,28,28,0
698,0.12825,29,28,2
699,0.12842,29,28,0
700,0.12859,29,28,0
701,0.12876,29,28,0
702,0.12893,29,28,0
703,0.12910,29,28,0
704,0.12927,29,29,0
705,0.12944,29,29,0
706,0.12961,29,29,0
707,0.12978,29,29,0
708,0.12995,29,29,0
709,0.13012,28,28,0
710,0.13029,26,26,0
711,0.13046,26,26,0
712,0.13064,26,26,0
713,0.13081,26,26,0
714,0.13098,27,1,1
715,0.13115,26,1,0
716,0.13132,26,1,0
717,0.13149,25,1,0
718,0.13166,25,1,0
719,0.13183,23,1,0
720,0.13200,23,23,0
721,0.13217,24,1,1
722,0.13234,24,1,0
723,0.13251,23,1,0
724,0.13268,23,1,0
725,0.13285,23,23,0
726,0.13302,23,23,0
727,0.13318,23,23,0
728,0.13335,23,23,0
729,0.13352,23,23,0
730,0.13369,23,23,0
731,0.13386,23,23,0
732,0.13403,23,23,0
733,0.13421,23,23,0
734,0.13438,23,23,0
735,0.13454,23,23,0
736,0.13471,23,23,0
737,0.13488,22,22,0
738,0.13505,23,1,1
739,0.13522,23,1,0
740,0.13539,24,1,1
741,0.13556,23,1,0
742,0.13573,23,1,0
743,0.13590,23,1,0
744,0.13607,22,1,0
745,0.13623,22,1,0
746,0.13640,22,22,0
747,0.13657,22,22,0
748,0.13674,22,22,0
749,0.13691,23,1,1
750,0.13708,25,1,4
751,0.13725,25,1,0
752,0.13742,25,1,0
753,0.13759,25,1,0
754,0.13776,25,22,0
755,0.13793,24,24,0
756,0.13810,24,24,0
757,0.13827,24,24,0
758,0.13844,23,23,0
759,0.13861,23,23,0
760,0.13878,21,21,0
761,0.13895,21,21,0
762,0.13913,21,21,0
763,0.13929,21,21,0
764,0.13946,24,21,4
765,0.13963,24,21,0
766,0.13980,24,21,0
767,0.13997,25,1,1
768,0.14014,25,1,0
769,0.14032,25,1,0
770,0.14049,25,1,0
771,0.14065,26,1,1
772,0.14082,26,1,0
773,0.14099,26,1,0
774,0.14116,26,1,0
775,0.14134,26,1,0
776,0.14150,26,1,0
777,0.14167,29,1,4
778,0.14184,30,1,1
779,0.14201,30,1,0
780,0.14219,30,1,0
781,0.14236,30,1,0
782,0.14253,31,1,1
783,0.14269,30,1,0
784,0.14286,30,1,0
785,0.14303,30,1,0
786,0.14320,30,1,0
787,0.14337,30,1,0
788,0.14354,30,30,0
789,0.14371,30,30,0
790,0.14389,30,30,0
791,0.14406,30,30,0
792,0.14422,30,30,0
793,0.14439,30,1,1
794,0.14456,30,1,0
795,0.14473,29,1,1
796,0.14490,29,1,0
797,0.14507,29,1,0
798,0.14524,29,1,0
799,0.14540,29,1,0
800,0.14557,29,29,0
801,0.14574,30,1,1
802,0.14591,30,1,0
803,0.14609,30,1,0
804,0.14625,29,1,0
805,0.14642,28,1,0
806,0.14660,28,1,0
807,0.14677,28,28,0
808,0.14694,28,28,0
809,0.14711,28,28,0
810,0.14728,28,28,0
811,0.14744,28,28,0
812,0.14761,28,28,0
813,0.14778,28,28,0
814,0.14795,27,27,0
815,0.14812,27,27,0
816,0.14829,28,27,2
817,0.14846,28,1,1
818,0.14863,28,1,0
819,0.14880,28,1,1
820,0.14897,29,1,1
821,0.14914,29,1,0
822,0.14931,28,1,0
823,0.14948,28,1,0
824,0.14965,28,1,0
825,0.14982,28,1,0
826,0.14999,28,1,0
827,0.15016,27,27,0
828,0.15032,28,1,1
829,0.15049,27,1,0
830,0.15066,28,1,1
831,0.15083,28,1,0
832,0.15100,29,1,1
833,0.15117,29,1,0
834,0.15134,29,1,0
835,0.15151,29,1,0
836,0.15168,29,29,0
837,0.15184,29,29,0
838,0.15202,29,29,0
839,0.15219,29,29,0
840,0.15235,29,29,0
841,0.15252,29,29,0
842,0.15269,29,29,0
843,0.15286,30,1,1
844,0.15303,30,1,1
845,0.15320,29,1,0
846,0.15337,27,1,0
847,0.15354,27,1,0
848,0.15371,27,1,0
849,0.15388,27,27,0
850,0.15405,27,27,0
851,0.15422,27,27,0
852,0.15439,28,1,1
853,0.15456,28,1,0
854,0.15473,28,1,0
855,0.15489,28,1,0
856,0.15506,28,28,0
857,0.15523,28,28,0
858,0.15540,28,28,0
859,0.15557,28,28,0
860,0.15574,28,28,0
861,0.15591,28,28,0
862,0.15608,27,27,0
863,0.15625,27,27,0
864,0.15642,27,1,1
865,0.15659,27,1,0
866,0.15676,27,1,0
867,0.15693,27,1,0
868,0.15710,27,27,0
869,0.15727,28,27,2
870,0.15744,28,27,0
871,0.15761,28,27,0
872,0.15778,28,27,0
873,0.15795,28,27,0
874,0.15812,27,26,0
875,0.15829,26,26,0
876,0.15846,26,26,0
877,0.15863,26,26,0
878,0.15880,26,26,0
879,0.15897,26,26,0
880,0.15914,26,26,0
881,0.15931,26,1,1
882,0.15948,25,1,0
883,0.15965,25,1,0
884,0.15982,25,1,0
885,0.15999,25,25,0
886,0.16016,25,25,0
887,0.16033,25,25,0
888,0.16050,25,25,0
889,0.16067,25,25,0
890,0.16084,25,25,0
891,0.16101,25,25,0
892,0.16118,25,25,0
893,0.16135,24,24,0
894,0.16152,24,24,0
895,0.16169,24,24,0
896,0.16186,24,24,0
897,0.16203,23,23,0
898,0.16220,23,23,0
899,0.16237,23,23,0
900,0.16254,22,22,0
901,0.16271,22,22,0
902,0.16288,22,22,0
903,0.16305,22,22,0
904,0.16322,22,22,0
905,0.16339,22,22,0
906,0.16356,22,22,0
907,0.16373,22,22,0
908,0.16389,21,21,0
909,0.16407,21,21,0
910,0.16423,21,21,0
911,0.16440,21,21,0
912,0.16457,21,21,0
913,0.16474,21,1,1
914,0.16491,22,1,1
915,0.16508,23,1,1
916,0.16525,23,1,0
917,0.16542,24,1,1
918,0.16559,24,1,0
919,0.16576,25,1,1
920,0.16593,25,1,0
921,0.16610,25,1,0
922,0.16627,25,1,0
923,0.16644,25,25,0
924,0.16661,25,25,0
925,0.16678,27,1,2
926,0.16695,27,1,0
927,0.16712,27,1,0
928,0.16729,28,1,1
929,0.16746,28,1,0
930,0.16763,28,1,0
931,0.16780,28,1,0
932,0.16797,28,1,0
933,0.16814,28,28,0
934,0.16831,28,28,0
935,0.16848,29,1,1
936,0.16865,29,1,0
937,0.16882,29,1,0
938,0.16899,29,1,0
939,0.16916,29,1,0
940,0.16933,29,1,0
941,0.16950,29,29,0
942,0.16967,29,29,0
943,0.16984,29,29,0
944,0.17001,29,29,0
945,0.17018,29,29,0
946,0.17035,29,29,0
947,0.17051,29,29,0
948,0.17068,29,29,0
949,0.17085,28,28,0
950,0.17102,28,28,0
951,0.17119,28,28,0
952,0.17136,28,28,0
953,0.17153,28,28,0
954,0.17170,28,28,0
955,0.17187,28,28,0
956,0.17204,28,28,0
957,0.17221,28,28,0
958,0.17238,28,28,0
959,0.17255,27,27,0
960,0.17272,27,27,0
961,0.17289,27,27,0
962,0.17306,27,27,0
963,0.17323,27,27,0
964,0.17340,27,27,0
965,0.17356,27,27,0
966,0.17373,27,27,0
967,0.17390,27,27,0
968,0.17407,27,27,0
969,0.17425,27,27,0
970,0.17442,27,27,0
971,0.17459,27,27,0
972,0.17476,27,27,0
973,0.17493,27,27,0
974,0.17510,27,27,0
975,0.17527,27,27,0
976,0.17544,27,27,0
977,0.17561,26,26,0
978,0.17578,26,26,0
979,0.17595,26,26,0
980,0.17612,26,26,0
981,0.17629,26,26,0
982,0.17646,26,26,0
983,0.17663,26,26,0
984,0.17680,26,26,0
985,0.17697,25,25,0
986,0.17714,25,25,0
987,0.17731,25,25,0
988,0.17748,25,25,0
989,0.17765,25,25,0
990,0.17782,25,25,0
991,0.17799,25,25,0
992,0.17816,25,25,0
993,0.17833,25,25,0
994,0.17850,25,25,0
995,0.17867,25,25,0
996,0.17884,25,25,0
997,0.17901,25,25,0
998,0.17918,25,25,0
999,0.17935,25,25,0
1000,0.17952,25,25,0
1001,0.17969,25,25,0
1002,0.17986,25,25,0
1003,0.18003,25,25,0
1004,0.18020,25,25,0
1005,0.18037,25,25,0
1006,0.18054,25,25,0
1007,0.18071,25,25,0
1008,0.18088,24,24,0
1009,0.18105,24,24,0
1010,0.18122,24,24,0
1011,0.18139,24,24,0
1012,0.18156,24,24,0
1013,0.18173,24,24,0
1014,0.18190,24,24,0
1015,0.18207,24,24,0
1016,0.18224,24,24,0
1017,0.18241,24,24,0
1018,0.18258,24,24,0
1019,0.18274,24,24,0
1020,0.18291,24,24,0
1021,0.18308,24,24,0
1022,0.18325,24,24,0
1023,0.18342,27,24,4
1024,0.18359,27,24,0
1025,0.18376,28,1,1
1026,0.18393,27,1,0
1027,0.18410,27,1,0
1028,0.18427,27,1,0
1029,0.18444,27,1,0
1030,0.18461,27,1,0
1031,0.18478,27,27,0
1032,0.18495,27,27,0
1033,0.18512,27,27,0
1034,0.18529,27,27,0
1035,0.18546,27,27,0
1036,0.18563,27,27,0
1037,0.18580,27,27,0
1038,0.18597,29,27,3
1039,0.18614,29,27,0
1040,0.18631,29,27,0
1041,0.18648,29,27,0
1042,0.18665,29,27,0
1043,0.18682,29,29,0
1044,0.18699,29,29,0
1045,0.18716,29,29,0
1046,0.18733,31,28,4
1047,0.18750,31,28,0
1048,0.18767,31,28,0
1049,0.18784,31,28,0
1050,0.18801,33,28,3
1051,0.18818,34,1,1
1052,0.18835,34,1,0
1053,0.18852,34,1,0
1054,0.18869,34,1,0
1055,0.18886,34,1,0
1056,0.18903,34,1,0
1057,0.18920,34,34,0
1058,0.18937,34,34,0
1059,0.18954,34,34,0
1060,0.18971,34,34,0
1061,0.18988,34,34,0
1062,0.19005,34,34,0
1063,0.19022,34,34,0
1064,0.19039,34,34,0
1065,0.19056,34,34,0
1066,0.19073,34,34,0
1067,0.19090,34,34,0
1068,0.19107,34,34,0
1069,0.19124,34,34,0
1070,0.19141,34,34,0
1071,0.19158,34,34,0
1072,0.19175,34,34,0
1073,0.19192,34,34,0
1074,0.19209,34,34,0
1075,0.19226,33,33,0
1076,0.19243,33,33,0
1077,0.19260,33,33,0
1078,0.19277,33,33,0
1079,0.19294,33,33,0
1080,0.19311,33,33,0
1081,0.19328,33,33,0
1082,0.19345,33,33,0
1083,0.19362,32,32,0
1084,0.19379,32,32,0
1085,0.19396,32,32,0
1086,0.19412,32,32,0
1087,0.19429,32,32,0
1088,0.19446,32,32,0
1089,0.19463,32,32,0
1090,0.19480,32,32,0
1091,0.19497,31,31,0
1092,0.19514,31,31,0
1093,0.19531,31,31,0
1094,0.19548,31,31,0
1095,0.19565,31,31,0
1096,0.19582,31,31,0
1097,0.19599,31,31,0
1098,0.19616,31,31,0
1099,0.19633,30,30,0
1100,0.19650,30,30,0
1101,0.19667,30,30,0
1102,0.19684,30,30,0
1103,0.19701,29,29,0
1104,0.19718,30,27,1
1105,0.19735,30,27,0
1106,0.19751,30,27,0
1107,0.19768,30,27,0
1108,0.19785,30,27,0
1109,0.19802,30,30,0
1110,0.19819,30,30,0
1111,0.19836,30,30,0
1112,0.19853,30,30,0
1113,0.19870,30,30,0
1114,0.19887,30,30,0
1115,0.19904,30,30,0
1116,0.19921,30,30,0
1117,0.19938,30,30,0
1118,0.19955,30,30,0
1119,0.19972,30,30,0
1120,0.19989,30,30,0
1121,0.20006,30,30,0
1122,0.20023,30,30,0
1123,0.20040,30,30,0
1124,0.20057,30,30,0
1125,0.20074,29,29,0
1126,0.20091,29,29,0
1127,0.20108,29,29,0
1128,0.20125,29,29,0
1129,0.20142,29,29,0
1130,0.20159,29,29,0
1131,0.20176,29,29,0
1132,0.20193,29,29,0
1133,0.20210,29,29,0
1134,0.20227,29,29,0
1135,0.20244,29,29,0
1136,0.20261,29,29,0
1137,0.20278,29,29,0
1138,0.20295,29,29,0
1139,0.20312,29,29,0
1140,0.20329,29,29,0
1141,0.20346,29,29,0
1142,0.20363,29,29,0
1143,0.20380,29,29,0
1144,0.20397,29,29,0
1145,0.20414,29,29,0
1146,0.20431,29,29,0
1147,0.20448,29,29,0
1148,0.20466,29,29,0
1149,0.20482,29,29,0
1150,0.20499,29,29,0
1151,0.20516,29,29,0
1152,0.20533,29,29,0
1153,0.20550,29,29,0
1154,0.20568,28,28,0
1155,0.20585,28,28,0
1156,0.20601,28,28,0
1157,0.20618,28,28,0
1158,0.20635,28,28,0
1159,0.20653,27,27,0
1160,0.20670,27,27,0
1161,0.20686,27,27,0
1162,0.20703,27,27,0
1163,0.20720,27,27,0
1164,0.20737,27,27,0
1165,0.20754,26,26,0
1166,0.20771,26,26,0
1167,0.20788,26,26,0
1168,0.20805,26,26,0
1169,0.20822,26,26,0
1170,0.20839,26,26,0
1171,0.20856,26,26,0
1172,0.20873,27,1,1
1173,0.20890,27,1,0
1174,0.20907,27,1,0
1175,0.20924,27,1,0
1176,0.20941,27,1,0
1177,0.20958,27,1,0
1178,0.20975,27,27,0
1179,0.20992,27,27,0
1180,0.21009,27,27,0
1181,0.21025,27,27,0
1182,0.21042,27,27,0
1183,0.21059,27,27,0
1184,0.21076,27,27,0
1185,0.21093,26,26,0
1186,0.21110,26,26,0
1187,0.21127,26,26,0
1188,0.21144,26,26,0
1189,0.21161,26,26,0
1190,0.21178,25,25,0
1191,0.21195,25,25,0
1192,0.21212,25,25,0
1193,0.21229,25,25,0
1194,0.21246,25,25,0
1195,0.21263,25,25,0
1196,0.21280,25,25,0
1197,0.21297,25,25,0
1198,0.21314,25,25,0
1199,0.21331,24,24,0
1200,0.21348,24,24,0
1201,0.21365,24,24,0
1202,0.21382,24,24,0
1203,0.21399,24,24,0
1204,0.21416,24,24,0
1205,0.21433,24,24,0
1206,0.21450,24,24,0
1207,0.21467,24,24,0
1208,0.21484,23,23,0
1209,0.21501,23,23,0
1210,0.21518,23,23,0
1211,0.21535,23,23,0
1212,0.21552,23,23,0
1213,0.21569,23,23,0
1214,0.21586,23,23,0
1215,0.21603,23,23,0
1216,0.21620,23,23,0
1217,0.21636,23,23,0
1218,0.21653,23,23,0
1219,0.21670,23,23,0
1220,0.21687,23,23,0
1221,0.21704,23,23,0
1222,0.21721,24,1,1
1223,0.21738,24,1,0
1224,0.21755,24,1,0
1225,0.21772,24,1,0
1226,0.21789,24,1,0
1227,0.21806,24,24,0
1228,0.21823,26,1,3
1229,0.21840,26,1,0
1230,0.21857,26,1,0
1231,0.21874,26,1,0
1232,0.21891,26,1,0
1233,0.21908,26,1,0
1234,0.21925,26,26,0
1235,0.21942,26,26,0
1236,0.21959,26,26,0
1237,0.21976,26,26,0
1238,0.21993,26,26,0
1239,0.22010,26,26,0
1240,0.22027,26,26,0
1241,0.22044,26,26,0
1242,0.22061,26,26,0
1243,0.22078,26,26,0
1244,0.22095,26,26,0
1245,0.22112,26,26,0
1246,0.22129,26,26,0
1247,0.22146,26,26,0
1248,0.22163,26,26,0
1249,0.22180,26,26,0
1250,0.22197,26,26,0
1251,0.22214,26,26,0
1252,0.22231,26,26,0
1253,0.22248,26,26,0
1254,0.22265,26,26,0
1255,0.22282,26,26,0
1256,0.22299,26,26,0
1257,0.22316,26,26,0
1258,0.22333,26,26,0
1259,0.22350,26,26,0
1260,0.22367,26,26,0
1261,0.22384,26,26,0
1262,0.22401,26,26,0
1263,0.22418,26,26,0
1264,0.22435,26,26,0
1265,0.22451,26,26,0
1266,0.22469,26,26,0
1267,0.22486,26,26,0
1268,0.22503,26,26,0
1269,0.22519,26,26,0
1270,0.22537,26,26,0
1271,0.22554,26,26,0
1272,0.22571,26,26,0
1273,0.22588,26,26,0
1274,0.22605,26,26,0
1275,0.22622,26,26,0
1276,0.22639,26,26,0
1277,0.22656,26,26,0
1278,0.22673,26,26,0
1279,0.22690,26,26,0
1280,0.22707,26,26,0
1281,0.22724,26,26,0
1282,0.22740,26,26,0
1283,0.22757,26,26,0
1284,0.22774,26,26,0
1285,0.22791,26,26,0
1286,0.22808,25,25,0
1287,0.22825,25,25,0
1288,0.22842,25,25,0
1289,0.22859,25,25,0
1290,0.22876,25,25,0
1291,0.22893,25,25,0
1292,0.22910,25,25,0
1293,0.22927,25,25,0
1294,0.22944,25,25,0
1295,0.22961,25,25,0
1296,0.22977,25,25,0
1297,0.22994,25,25,0
1298,0.23011,25,25,0
1299,0.23028,25,25,0
1300,0.23045,25,25,0
1301,0.23062,25,25,0
1302,0.23079,25,25,0
1303,0.23096,25,25,0
1304,0.23113,25,25,0
1305,0.23130,25,25,0
1306,0.23147,25,25,0
1307,0.23164,25,25,0
1308,0.23181,25,25,0
1309,0.23198,25,25,0
1310,0.23215,25,25,0
1311,0.23232,25,25,0
1312,0.23249,25,25,0
1313,0.23266,25,25,0
1314,0.23283,25,25,0
1315,0.23300,25,25,0
1316,0.23317,25,25,0
1317,0.23333,25,25,0
1318,0.23350,25,25,0
1319,0.23367,25,25,0
1320,0.23384,25,25,0
1321,0.23401,25,25,0
1322,0.23419,25,25,0
1323,0.23436,25,25,0
1324,0.23453,25,25,0
1325,0.23470,24,24,0
1326,0.23487,24,24,0
1327,0.23504,23,23,0
1328,0.23520,23,23,0
1329,0.23537,23,23,0
1330,0.23554,23,23,0
1331,0.23572,22,22,0
1332,0.23589,22,22,0
1333,0.23606,22,22,0
1334,0.23623,22,22,0
1335,0.23640,22,22,0
1336,0.23657,22,22,0
1337,0.23673,22,22,0
1338,0.23691,22,22,0
1339,0.23707,22,22,0
1340,0.23724,22,22,0
1341,0.23741,22,22,0
1342,0.23758,22,22,0
1343,0.23775,22,22,0
1344,0.23792,22,22,0
1345,0.23809,22,22,0
1346,0.23826,22,22,0
1347,0.23843,22,22,0
1348,0.23860,22,22,0
1349,0.23877,22,22,0
1350,0.23894,22,22,0
1351,0.23911,22,22,0
1352,0.23928,22,22,0
1353,0.23945,25,22,4
1354,0.23962,25,22,0
1355,0.23979,25,22,0
1356,0.23996,25,22,0
1357,0.24013,25,22,0
1358,0.24030,25,25,0
1359,0.24047,25,25,0
1360,0.24064,25,25,0
1361,0.24081,25,25,0
1362,0.24098,25,25,0
1363,0.24115,25,25,0
1364,0.24132,25,25,0
1365,0.24149,25,25,0
1366,0.24166,25,25,0
1367,0.24183,25,25,0
1368,0.24200,25,25,0
1369,0.24217,28,25,4
1370,0.24233,28,25,0
1371,0.24250,28,25,0
1372,0.24267,28,25,0
1373,0.24284,28,25,0
1374,0.24301,28,25,0
1375,0.24318,28,28,0
1376,0.24335,28,28,0
1377,0.24352,28,28,0
1378,0.24369,28,28,0
1379,0.24386,28,28,0
1380,0.24403,28,28,0
1381,0.24420,28,28,0
1382,0.24437,28,28,0
1383,0.24454,28,28,0
1384,0.24471,28,28,0
1385,0.24488,29,28,2
1386,0.24505,29,28,0
1387,0.24522,29,28,0
1388,0.24539,29,28,0
1389,0.24556,29,28,0
1390,0.24573,29,28,0
1391,0.24590,29,28,0
1392,0.24607,29,28,0
1393,0.24624,29,28,0
1394,0.24641,29,29,0
1395,0.24658,29,29,0
1396,0.24675,29,29,0
1397,0.24692,29,29,0
1398,0.24709,29,29,0
1399,0.24726,29,29,0
1400,0.24743,29,29,0
1401,0.24760,29,29,0
1402,0.24777,29,29,0
1403,0.24794,29,29,0
1404,0.24811,29,29,0
1405,0.24828,28,28,0
1406,0.24845,28,28,0
1407,0.24862,28,28,0
1408,0.24879,28,28,0
1409,0.24896,28,28,0
1410,0.24913,28,28,0
1411,0.24930,28,28,0
1412,0.24947,28,28,0
1413,0.24964,28,28,0
1414,0.24981,28,28,0
1415,0.24998,28,28,0
1416,0.25015,28,28,0
1417,0.25032,28,28,0
1418,0.25049,27,27,0
1419,0.25066,27,27,0
1420,0.25083,27,27,0
1421,0.25100,26,26,0
1422,0.25117,26,26,0
1423,0.25134,26,26,0
1424,0.25151,26,26,0
1425,0.25168,26,26,0
1426,0.25185,26,26,0
1427,0.25202,27,26,2
1428,0.25219,27,26,0
1429,0.25236,27,26,0
1430,0.25253,27,26,0
1431,0.25270,27,26,0
1432,0.25287,30,27,4
1433,0.25304,30,27,0
1434,0.25321,30,27,0
1435,0.25338,30,27,0
1436,0.25355,30,27,0
1437,0.25372,30,27,0
1438,0.25389,30,30,0
1439,0.25406,30,30,0
1440,0.25423,30,30,0
1441,0.25440,30,30,0
1442,0.25457,30,30,0
1443,0.25474,29,29,0
1444,0.25491,29,29,0
1445,0.25508,29,29,0
1446,0.25525,29,29,0
1447,0.25542,29,29,0
1448,0.25559,29,29,0
1449,0.25576,29,29,0
1450,0.25593,29,29,0
1451,0.25610,29,29,0
1452,0.25627,29,29,0
1453,0.25644,29,29,0
1454,0.25661,29,29,0
1455,0.25678,29,29,0
1456,0.25695,29,29,0
1457,0.25712,29,29,0
1458,0.25729,29,29,0
1459,0.25745,29,29,0
1460,0.25762,29,29,0
1461,0.25780,29,29,0
1462,0.25797,29,29,0
1463,0.25813,29,29,0
1464,0.25830,29,29,0
1465,0.25847,28,28,0
1466,0.25864,28,28,0
1467,0.25881,28,28,0
1468,0.25898,28,28,0
1469,0.25915,28,28,0
1470,0.25932,28,28,0
1471,0.25949,28,28,0
1472,0.25966,28,28,0
1473,0.25983,28,28,0
1474,0.26000,28,28,0
1475,0.26017,28,28,0
1476,0.26034,28,28,0
1477,0.26051,28,28,0
1478,0.26068,28,28,0
1479,0.26085,28,28,0
1480,0.26102,28,28,0
1481,0.26119,28,28,0
1482,0.26136,28,28,0
1483,0.26153,28,28,0
1484,0.26170,28,28,0
1485,0.26187,28,28,0
1486,0.26204,28,28,0
1487,0.26220,28,28,0
1488,0.26237,28,28,0
1489,0.26254,28,28,0
1490,0.26271,28,28,0
1491,0.26288,28,28,0
1492,0.26305,28,28,0
1493,0.26322,28,28,0
1494,0.26339,28,28,0
1495,0.26356,28,28,0
1496,0.26373,28,28,0
1497,0.26390,28,28,0
1498,0.26407,28,28,0
1499,0.26424,28,28,0
1500,0.26441,28,28,0
1501,0.26458,28,28,0
1502,0.26475,28,28,0
1503,0.26492,28,28,0
1504,0.26509,28,28,0
1505,0.26526,28,28,0
1506,0.26543,28,28,0
1507,0.26560,28,28,0
1508,0.26577,28,28,0
1509,0.26594,28,28,0
1510,0.26611,28,28,0
1511,0.26628,28,28,0
1512,0.26645,28,28,0
1513,0.26662,28,28,0
1514,0.26679,28,28,0
1515,0.26696,28,28,0
1516,0.26713,28,28,0
1517,0.26730,28,28,0
1518,0.26747,28,28,0
1519,0.26764,28,28,0
1520,0.26781,28,28,0
1521,0.26798,28,28,0
1522,0.26815,30,28,3
1523,0.26832,30,28,0
1524,0.26849,29,28,0
1525,0.26866,29,28,0
1526,0.26883,29,28,0
1527,0.26900,29,28,0
1528,0.26917,29,29,0
1529,0.26934,29,29,0
1530,0.26951,29,29,0
1531,0.26968,29,29,0
1532,0.26985,29,29,0
1533,0.27002,29,29,0
1534,0.27019,29,29,0
1535,0.27036,29,29,0
1536,0.27053,29,29,0
1537,0.27070,29,29,0
1538,0.27087,29,29,0
1539,0.27104,29,29,0
1540,0.27120,29,29,0
1541,0.27137,29,29,0
1542,0.27154,29,29,0
1543,0.27171,29,29,0
1544,0.27188,29,29,0
1545,0.27205,29,29,0
1546,0.27222,29,29,1
1547,0.27239,29,29,0
1548,0.27256,29,29,0
1549,0.27273,29,29,0
1550,0.27290,29,29,0
1551,0.27307,29,29,0
1552,0.27324,29,29,0
1553,0.27341,29,29,0
1554,0.27358,29,29,0
1555,0.27375,29,29,0
1556,0.27392,29,29,0
1557,0.27409,29,29,0
1558,0.27426,28,28,0
1559,0.27443,28,28,0
1560,0.27460,28,28,0
1561,0.27477,29,27,3
1562,0.27494,29,27,0
1563,0.27511,29,27,0
1564,0.27528,29,27,0
1565,0.27545,29,27,0
1566,0.27562,29,29,0
1567,0.27579,29,29,0
1568,0.27596,29,29,0
1569,0.27613,29,29,0
1570,0.27630,29,29,0
1571,0.27647,29,29,0
1572,0.27664,29,29,0
1573,0.27681,29,29,0
1574,0.27698,29,29,0
1575,0.27715,29,29,0
1576,0.27732,29,29,0
1577,0.27749,29,29,0
1578,0.27766,29,29,0
1579,0.27783,29,29,0
1580,0.27800,29,29,0
1581,0.27816,29,29,0
1582,0.27833,29,29,0
1583,0.27850,28,28,0
1584,0.27867,28,28,0
1585,0.27883,28,28,0
1586,0.27900,27,27,0
1587,0.27917,27,27,0
1588,0.27934,27,27,0
1589,0.27951,27,27,0
1590,0.27968,27,27,0
1591,0.27985,27,27,0
1592,0.28002,26,26,0
1593,0.28019,26,26,0
1594,0.28036,26,26,0
1595,0.28053,26,26,0
1596,0.28070,26,26,0
1597,0.28087,26,26,0
1598,0.28104,26,26,0
1599,0.28121,26,26,0
1600,0.28138,26,26,0
1601,0.28155,26,26,0
1602,0.28172,25,25,0
1603,0.28189,25,25,0
1604,0.28206,25,25,0
1605,0.28223,25,25,0
1606,0.28240,25,25,0
1607,0.28257,25,25,0
1608,0.28274,25,25,0
1609,0.28291,25,25,0
1610,0.28308,25,25,0
1611,0.28325,25,25,0
1612,0.28342,25,25,0
1613,0.28359,25,25,0
1614,0.28376,25,25,0
1615,0.28393,25,25,0
1616,0.28409,25,25,0
1617,0.28426,25,25,0
1618,0.28443,25,25,0
1619,0.28460,25,25,0
1620,0.28477,25,25,0
1621,0.28494,25,25,0
1622,0.28511,25,25,0
1623,0.28528,25,25,0
1624,0.28545,25,25,0
1625,0.28562,25,25,0
1626,0.28579,25,25,0
1627,0.28596,25,25,0
1628,0.28613,25,25,0
1629,0.28630,25,25,0
1630,0.28647,25,25,0
1631,0.28664,27,25,3
1632,0.28681,27,25,0
1633,0.28698,27,25,0
1634,0.28715,27,25,0
1635,0.28732,27,25,0
1636,0.28750,27,25,0
1637,0.28767,27,25,0
1638,0.28784,27,27,0
1639,0.28800,30,27,4
1640,0.28817,30,27,0
1641,0.28834,30,27,0
1642,0.28851,30,27,0
1643,0.28868,30,27,0
1644,0.28885,30,27,0
1645,0.28902,30,27,0
1646,0.28919,30,27,0
1647,0.28936,30,27,0
1648,0.28953,30,27,0
1649,0.28970,30,27,0
1650,0.28987,30,27,0
1651,0.29004,30,27,0
1652,0.29021,30,30,0
1653,0.29037,31,30,2
1654,0.29054,31,30,0
1655,0.29071,31,30,0
1656,0.29088,31,30,0
1657,0.29105,31,30,0
1658,0.29123,31,30,0
1659,0.29139,31,30,0
1660,0.29157,31,30,0
1661,0.29174,31,30,0
1662,0.29191,31,30,0
1663,0.29208,34,30,4
1664,0.29225,34,30,0
1665,0.29242,34,30,0
1666,0.29259,34,31,0
1667,0.29276,34,31,0
1668,0.29293,34,31,0
1669,0.29310,34,31,0
1670,0.29327,34,31,0
1671,0.29344,34,31,0
1672,0.29361,34,31,0
1673,0.29378,34,31,0
1674,0.29395,34,31,0
1675,0.29412,34,31,0
1676,0.29429,34,31,0
1677,0.29446,33,30,0
1678,0.29462,33,30,0
1679,0.29479,33,30,0
1680,0.29496,33,30,0
1681,0.29514,33,30,0
1682,0.29531,33,30,0
1683,0.29548,33,33,0
1684,0.29565,33,33,0
1685,0.29582,33,33,0
1686,0.29599,33,33,0
1687,0.29616,33,33,0
1688,0.29633,33,33,0
1689,0.29650,33,33,0
1690,0.29666,33,33,0
1691,0.29683,36,33,4
1692,0.29700,36,33,0
1693,0.29717,36,33,0
1694,0.29734,36,33,0
1695,0.29751,36,33,0
1696,0.29768,36,33,0
1697,0.29785,36,36,0
1698,0.29802,36,36,0
1699,0.29819,36,36,0
1700,0.29836,36,36,0
1701,0.29853,35,35,0
1702,0.29870,35,35,0
1703,0.29887,35,35,0
1704,0.29904,35,35,0
1705,0.29921,35,35,0
1706,0.29938,35,35,0
1707,0.29955,35,35,0
1708,0.29972,35,35,0
1709,0.29989,35,35,0
1710,0.30006,35,35,0
1711,0.30023,35,35,0
1712,0.30040,35,35,0
1713,0.30057,35,35,0
1714,0.30074,35,35,0
1715,0.30091,35,35,0
1716,0.30108,35,35,0
1717,0.30125,35,35,0
1718,0.30142,35,35,0
1719,0.30159,35,35,0
1720,0.30176,35,35,0
1721,0.30193,35,35,0
1722,0.30210,35,35,0
1723,0.30227,34,34,0
1724,0.30244,34,34,0
1725,0.30261,34,34,0
1726,0.30278,34,34,0
1727,0.30295,34,34,0
1728,0.30311,34,34,0
1729,0.30328,34,34,0
1730,0.30345,34,34,0
1731,0.30362,34,34,0
1732,0.30379,34,34,0
1733,0.30396,34,34,0
1734,0.30413,34,34,0
1735,0.30430,34,34,0
1736,0.30447,35,1,1
1737,0.30464,35,1,0
1738,0.30481,35,1,0
1739,0.30498,34,1,0
1740,0.30515,33,1,0
1741,0.30532,33,1,0
1742,0.30549,33,33,0
1743,0.30566,33,33,0
1744,0.30583,33,33,0
1745,0.30600,33,33,0
1746,0.30617,33,33,0
1747,0.30634,33,33,0
1748,0.30650,33,33,0
1749,0.30668,33,33,0
1750,0.30685,33,33,0
1751,0.30702,33,33,0
1752,0.30719,33,33,0
1753,0.30736,33,33,0
1754,0.30753,32,32,0
1755,0.30770,32,32,0
1756,0.30787,32,32,0
1757,0.30804,32,32,0
1758,0.30821,32,32,0
1759,0.30838,32,32,0
1760,0.30855,32,32,0
1761,0.30872,31,31,0
1762,0.30889,31,31,0
1763,0.30906,31,31,0
1764,0.30923,31,31,0
1765,0.30940,31,31,0
1766,0.30957,31,31,0
1767,0.30974,31,31,0
1768,0.30991,31,31,0
1769,0.31008,31,31,0
1770,0.31025,31,31,0
1771,0.31042,31,31,0
1772,0.31059,31,31,0
1773,0.31076,31,31,0
1774,0.31093,31,31,0
1775,0.31110,31,31,0
1776,0.31127,31,31,0
1777,0.31143,31,31,0
1778,0.31161,31,31,0
1779,0.31178,31,31,0
1780,0.31195,31,31,0
1781,0.31212,31,31,0
1782,0.31229,31,31,0
1783,0.31246,31,31,0
1784,0.31263,31,31,0
1785,0.31280,31,31,0
1786,0.31297,31,31,0
1787,0.31314,31,31,0
1788,0.31331,31,31,0
1789,0.31348,31,31,0
1790,0.31365,31,31,0
1791,0.31382,31,31,0
1792,0.31399,31,31,0
1793,0.31416,31,31,0
1794,0.31432,31,31,0
1795,0.31449,31,31,0
1796,0.31467,31,31,0
1797,0.31484,31,31,0
1798,0.31500,31,31,0
1799,0.31517,31,31,0
1800,0.31534,31,31,0
1801,0.31551,31,31,0
1802,0.31568,31,31,0
1803,0.31585,31,31,0
1804,0.31602,31,31,0
1805,0.31619,31,31,0
1806,0.31636,31,31,0
1807,0.31653,31,31,0
1808,0.31670,33,31,4
1809,0.31687,33,31,0
1810,0.31704,33,31,0
1811,0.31721,33,31,0
1812,0.31738,33,31,0
1813,0.31755,33,33,0
1814,0.31772,33,33,0
1815,0.31789,33,33,0
1816,0.31806,33,33,0
1817,0.31823,33,33,0
1818,0.31840,33,33,0
1819,0.31857,32,32,0
1820,0.31873,32,32,0
1821,0.31890,32,32,0
1822,0.31908,32,32,0
1823,0.31925,32,32,0
1824,0.31942,32,32,0
1825,0.31959,32,32,0
1826,0.31976,32,32,0
1827,0.31993,32,32,0
1828,0.32010,32,32,0
1829,0.32027,32,32,0
1830,0.32044,32,32,0
1831,0.32061,32,32,0
1832,0.32078,32,32,0
1833,0.32095,32,32,0
1834,0.32111,32,32,0
1835,0.32128,32,32,0
1836,0.32145,32,32,0
1837,0.32162,32,32,0
1838,0.32179,32,32,0
1839,0.32196,32,32,0
1840,0.32213,32,32,0
1841,0.32230,31,31,0
1842,0.32247,31,31,0
1843,0.32264,31,31,0
1844,0.32281,31,31,0
1845,0.32298,30,30,0
1846,0.32315,30,30,0
1847,0.32332,30,30,0
1848,0.32349,30,30,0
1849,0.32366,30,30,0
1850,0.32383,30,30,0
1851,0.32400,30,30,0
1852,0.32417,29,29,0
1853,0.32434,29,29,0
1854,0.32450,32,29,4
1855,0.32467,32,29,0
1856,0.32484,32,29,0
1857,0.32501,32,29,0
1858,0.32518,32,29,0
1859,0.32535,32,32,0
1860,0.32552,32,32,0
1861,0.32569,31,31,0
1862,0.32586,31,31,0
1863,0.32603,30,30,0
1864,0.32620,30,30,0
1865,0.32637,30,30,0
1866,0.32654,30,30,0
1867,0.32671,30,30,0
1868,0.32688,30,30,0
1869,0.32705,30,30,0
1870,0.32722,30,30,0
1871,0.32739,30,30,0
1872,0.32756,30,30,0
1873,0.32773,30,30,0
1874,0.32790,29,29,0
1875,0.32807,29,29,0
1876,0.32824,30,27,1
1877,0.32841,30,27,0
1878,0.32858,30,27,0
1879,0.32875,30,27,0
1880,0.32892,30,30,0
1881,0.32909,30,30,0
1882,0.32926,30,30,0
1883,0.32943,30,30,0
1884,0.32960,30,30,0
1885,0.32977,30,30,0
1886,0.32994,30,30,0
1887,0.33011,30,30,0
1888,0.33028,30,30,0
1889,0.33045,30,30,0
1890,0.33062,30,30,0
1891,0.33079,30,30,0
1892,0.33096,30,30,0
1893,0.33113,29,29,0
1894,0.33130,29,29,0
1895,0.33147,29,29,0
1896,0.33164,29,29,0
1897,0.33181,29,29,0
1898,0.33198,29,29,0
1899,0.33215,29,29,0
1900,0.33232,29,29,0
1901,0.33249,29,29,0
1902,0.33266,29,29,0
1903,0.33283,32,29,4
1904,0.33300,32,29,0
1905,0.33317,32,29,0
1906,0.33334,32,29,0
1907,0.33351,32,29,0
1908,0.33368,32,29,0
1909,0.33385,32,32,0
1910,0.33402,32,32,0
1911,0.33419,32,32,0
1912,0.33436,32,32,0
1913,0.33453,32,32,0
1914,0.33470,32,32,0
1915,0.33487,33,1,1
1916,0.33504,33,1,0
1917,0.33521,33,1,0
1918,0.33538,33,1,0
1919,0.33555,33,33,0
1920,0.33572,33,33,0
1921,0.33589,33,33,0
1922,0.33606,32,32,0
1923,0.33623,32,32,0
1924,0.33640,32,32,0
1925,0.33657,33,32,2
1926,0.33674,33,32,0
1927,0.33691,33,32,0
1928,0.33708,33,32,0
1929,0.33725,33,33,0
1930,0.33742,33,33,0
1931,0.33759,33,33,0
1932,0.33776,33,33,0
1933,0.33793,33,33,0
1934,0.33810,33,33,0
1935,0.33827,36,33,4
1936,0.33844,35,32,0
1937,0.33861,35,32,0
1938,0.33878,35,32,0
1939,0.33895,35,32,0
1940,0.33912,35,35,0
1941,0.33929,35,35,0
1942,0.33946,35,35,0
1943,0.33963,35,35,0
1944,0.33980,35,35,0
1945,0.33997,35,35,0
1946,0.34014,35,35,0
1947,0.34031,35,35,0
1948,0.34048,35,35,0
1949,0.34065,35,35,0
1950,0.34082,35,35,0
1951,0.34098,35,35,0
1952,0.34115,35,35,0
1953,0.34133,36,35,2
1954,0.34149,36,35,0
1955,0.34167,36,35,0
1956,0.34184,36,35,0
1957,0.34200,36,36,0
1958,0.34217,36,36,0
1959,0.34234,36,36,0
1960,0.34252,35,35,0
1961,0.34269,35,35,0
1962,0.34286,35,35,0
1963,0.34303,35,35,0
1964,0.34319,35,35,0
1965,0.34336,35,35,0
1966,0.34353,35,35,0
1967,0.34370,35,35,0
1968,0.34387,35,35,0
1969,0.34404,35,35,0
1970,0.34421,35,35,0
1971,0.34438,35,35,0
1972,0.34456,35,35,0
1973,0.34473,35,35,0
1974,0.34490,36,35,2
1975,0.34506,36,35,0
1976,0.34523,36,35,0
1977,0.34540,36,35,0
1978,0.34557,36,35,0
1979,0.34574,36,35,0
1980,0.34591,36,35,0
1981,0.34608,35,34,0
1982,0.34625,35,35,0
1983,0.34642,35,35,0
1984,0.34659,35,35,0
1985,0.34676,35,35,0
1986,0.34693,35,35,0
1987,0.34710,35,35,0
1988,0.34727,35,35,0
1989,0.34744,35,35,0
1990,0.34761,35,35,0
1991,0.34778,35,35,0
1992,0.34795,35,35,0
1993,0.34812,35,35,0
1994,0.34829,35,35,0
1995,0.34846,35,35,0
1996,0.34862,35,35,0
1997,0.34879,35,35,0
1998,0.34897,35,35,0
1999,0.34914,35,35,0
2000,0.34930,35,35,0
2001,0.34947,35,35,0
2002,0.34964,35,35,0
2003,0.34981,34,34,0
2004,0.34998,34,34,0
2005,0.35015,34,34,0
2006,0.35032,34,34,0
2007,0.35049,34,34,0
2008,0.35066,34,34,0
2009,0.35083,34,34,0
2010,0.35100,34,34,0
2011,0.35117,34,34,0
2012,0.35134,34,34,0
2013,0.35151,34,34,0
2014,0.35168,33,33,0
2015,0.35185,33,33,0
2016,0.35202,33,33,0
2017,0.35219,33,33,0
2018,0.35236,33,33,0
2019,0.35253,33,33,0
2020,0.35270,33,33,0
2021,0.35287,33,33,0
2022,0.35304,33,33,0
2023,0.35321,33,33,0
2024,0.35338,33,33,0
2025,0.35355,33,33,0
2026,0.35372,33,33,0
2027,0.35389,33,33,0
2028,0.35406,33,33,0
2029,0.35424,33,33,0
2030,0.35440,33,33,0
2031,0.35458,33,33,0
2032,0.35475,33,33,0
2033,0.35491,33,33,0
2034,0.35508,33,33,0
2035,0.35525,33,33,0
2036,0.35542,33,33,0
2037,0.35560,33,33,0
2038,0.35576,33,33,0
2039,0.35593,33,33,0
2040,0.35610,33,33,0
2041,0.35627,33,33,0
2042,0.35644,33,33,0
2043,0.35661,33,33,0
2044,0.35678,33,33,0
2045,0.35695,33,33,0
2046,0.35712,33,33,0
2047,0.35729,33,33,0
2048,0.35746,33,33,0
2049,0.35763,33,33,0
2050,0.35780,33,33,0
2051,0.35797,33,33,0
2052,0.35814,33,33,0
2053,0.35830,33,33,0
2054,0.35847,33,33,0
2055,0.35864,33,33,0
2056,0.35881,33,33,0
2057,0.35898,33,33,0
2058,0.35915,33,33,0
2059,0.35932,33,33,0
2060,0.35948,33,33,0
2061,0.35965,33,33,0
2062,0.35982,33,33,0
2063,0.35999,33,33,0
2064,0.36016,33,33,0
2065,0.36033,33,33,0
2066,0.36050,33,33,0
2067,0.36067,33,33,0
2068,0.36084,33,33,0
2069,0.36101,33,33,0
2070,0.36118,33,33,0
2071,0.36135,33,33,0
2072,0.36152,33,33,0
2073,0.36169,34,33,2
2074,0.36186,34,33,0
2075,0.36203,34,33,0
2076,0.36220,34,33,0
2077,0.36236,34,34,0
2078,0.36253,34,34,0
2079,0.36270,34,34,0
2080,0.36287,34,34,0
2081,0.36304,34,34,0
2082,0.36321,34,34,0
2083,0.36338,34,34,0
2084,0.36355,34,34,0
2085,0.36372,34,34,0
2086,0.36389,34,34,0
2087,0.36406,34,34,0
2088,0.36423,34,34,0
2089,0.36440,34,34,0
2090,0.36457,34,34,0
2091,0.36474,34,34,0
2092,0.36491,34,34,0
2093,0.36508,34,34,0
2094,0.36525,34,34,0
2095,0.36542,34,34,0
2096,0.36559,34,34,0
2097,0.36576,34,34,0
2098,0.36593,34,34,0
2099,0.36610,34,34,0
2100,0.36627,33,33,0
2101,0.36643,33,33,0
2102,0.36661,33,33,0
2103,0.36678,33,33,0
2104,0.36695,32,32,0
2105,0.36712,32,32,0
2106,0.36729,32,32,0
2107,0.36746,32,32,0
2108,0.36763,32,32,0
2109,0.36780,32,32,0
2110,0.36797,32,32,0
2111,0.36814,31,31,0
2112,0.36831,31,31,0
2113,0.36848,31,31,0
2114,0.36865,31,31,0
2115,0.36882,31,31,0
2116,0.36899,31,31,0
2117,0.36916,31,31,0
2118,0.36933,31,31,0
2119,0.36949,31,31,0
2120,0.36966,31,31,0
2121,0.36983,31,31,0
2122,0.37000,30,30,0
2123,0.37017,30,30,0
2124,0.37034,30,30,0
2125,0.37051,30,30,0
2126,0.37068,30,30,0
2127,0.37085,31,30,1
2128,0.37102,31,30,0
2129,0.37119,31,30,0
2130,0.37136,31,30,0
2131,0.37153,31,30,0
2132,0.37170,31,30,0
2133,0.37187,31,31,0
2134,0.37204,31,31,0
2135,0.37221,31,31,0
2136,0.37238,31,31,0
2137,0.37255,31,31,0
2138,0.37272,31,31,0
2139,0.37289,31,31,0
2140,0.37306,31,31,0
2141,0.37323,31,31,0
2142,0.37340,31,31,0
2143,0.37357,31,31,0
2144,0.37374,31,31,0
2145,0.37391,31,31,0
2146,0.37408,31,31,0
2147,0.37425,31,31,0
2148,0.37442,31,31,0
2149,0.37459,30,30,0
2150,0.37476,30,30,0
2151,0.37493,30,30,0
2152,0.37510,30,30,0
2153,0.37527,30,30,0
2154,0.37544,30,30,0
2155,0.37561,30,30,0
2156,0.37578,30,30,0
2157,0.37595,30,30,0
2158,0.37612,30,30,0
2159,0.37629,30,30,0
2160,0.37646,31,29,1
2161,0.37663,31,29,0
2162,0.37680,31,29,0
2163,0.37697,31,29,0
2164,0.37714,31,29,0
2165,0.37731,31,31,0
2166,0.37748,31,31,0
2167,0.37765,31,31,0
2168,0.37782,31,31,0
2169,0.37799,31,31,0
2170,0.37816,31,31,0
2171,0.37833,31,31,0
2172,0.37850,31,31,0
2173,0.37866,31,31,0
2174,0.37883,31,31,0
2175,0.37900,31,31,0
2176,0.37917,31,31,0
2177,0.37934,34,31,4
2178,0.37951,34,31,0
2179,0.37968,34,31,0
2180,0.37985,34,31,0
2181,0.38002,34,31,0
2182,0.38019,34,31,0
2183,0.38036,34,34,0
2184,0.38053,34,34,0
2185,0.38070,34,34,0
2186,0.38087,34,34,0
2187,0.38104,34,34,0
2188,0.38121,34,34,0
2189,0.38138,34,34,0
2190,0.38155,34,34,0
2191,0.38172,34,34,0
2192,0.38189,34,34,0
2193,0.38206,34,34,0
2194,0.38223,34,34,0
2195,0.38240,33,33,0
2196,0.38257,33,33,0
2197,0.38274,33,33,0
2198,0.38291,33,33,0
2199,0.38308,33,33,0
2200,0.38325,35,33,3
2201,0.38342,35,33,0
2202,0.38359,35,33,0
2203,0.38376,34,33,0
2204,0.38393,34,33,0
2205,0.38410,34,33,0
2206,0.38427,34,33,0
2207,0.38444,34,33,0
2208,0.38461,34,33,0
2209,0.38478,34,33,0
2210,0.38495,34,34,0
2211,0.38512,34,34,0
2212,0.38529,34,34,0
2213,0.38546,34,34,0
2214,0.38563,34,34,0
2215,0.38580,34,34,0
2216,0.38597,34,34,0
2217,0.38614,34,34,0
2218,0.38631,34,34,0
2219,0.38648,34,34,0
2220,0.38665,34,34,0
2221,0.38682,34,34,0
2222,0.38699,34,34,0
2223,0.38716,34,34,0
2224,0.38733,34,34,0
2225,0.38750,34,34,0
2226,0.38767,34,34,0
2227,0.38784,33,33,0
2228,0.38801,33,33,0
2229,0.38818,33,33,0
2230,0.38835,33,33,0
2231,0.38851,33,33,0
2232,0.38868,33,33,0
2233,0.38886,33,33,0
2234,0.38902,33,33,0
2235,0.38919,33,33,0
2236,0.38936,33,33,0
2237,0.38953,33,33,0
2238,0.38970,33,33,0
2239,0.38987,33,33,1
2240,0.39004,33,33,0
2241,0.39021,32,32,0
2242,0.39038,32,32,0
2243,0.39055,32,32,0
2244,0.39072,32,32,0
2245,0.39089,32,32,0
2246,0.39106,32,32,0
2247,0.39123,32,32,0
2248,0.39140,32,32,0
2249,0.39157,32,32,0
2250,0.39174,32,32,0
2251,0.39191,32,32,0
2252,0.39208,32,32,0
2253,0.39225,32,32,0
2254,0.39242,32,32,0
2255,0.39259,32,32,0
2256,0.39276,32,32,0
2257,0.39293,32,32,0
2258,0.39310,31,31,0
2259,0.39327,31,31,0
2260,0.39344,31,31,0
2261,0.39361,31,31,0
2262,0.39378,31,31,0
2263,0.39395,30,30,0
2264,0.39412,30,30,0
2265,0.39429,30,30,0
2266,0.39446,30,30,0
2267,0.39463,30,30,0
2268,0.39480,30,30,0
2269,0.39497,30,30,0
2270,0.39514,30,30,0
2271,0.39531,29,29,0
2272,0.39548,29,29,0
2273,0.39565,28,28,0
2274,0.39582,28,28,0
2275,0.39599,28,28,0
2276,0.39616,28,28,0
2277,0.39633,28,28,0
2278,0.39650,28,28,0
2279,0.39666,28,28,0
2280,0.39684,28,28,0
2281,0.39701,28,28,0
2282,0.39718,28,28,0
2283,0.39734,28,28,0
2284,0.39751,27,27,0
2285,0.39768,27,27,0
2286,0.39785,27,27,0
2287,0.39802,26,26,0
2288,0.39819,26,26,0
2289,0.39836,26,26,0
2290,0.39853,26,26,0
2291,0.39870,26,26,0
2292,0.39887,26,26,0
2293,0.39904,26,26,0
2294,0.39921,26,26,0
2295,0.39938,26,26,0
2296,0.39955,26,26,0
2297,0.39972,26,26,0
2298,0.39989,26,26,0
2299,0.40006,26,26,0
2300,0.40023,26,26,0
2301,0.40040,26,26,0
2302,0.40057,26,26,0
2303,0.40074,26,26,0
2304,0.40091,26,26,0
2305,0.40108,26,26,0
2306,0.40125,26,26,0
2307,0.40142,26,26,0
2308,0.40159,26,26,0
2309,0.40176,26,26,0
2310,0.40193,26,26,0
2311,0.40209,26,26,0
2312,0.40227,26,26,0
2313,0.40244,26,26,0
2314,0.40261,26,26,0
2315,0.40277,26,26,0
2316,0.40294,26,26,0
2317,0.40311,26,26,0
2318,0.40328,26,26,0
2319,0.40345,26,26,0
2320,0.40362,26,26,0
2321,0.40379,26,26,0
2322,0.40396,26,26,0
2323,0.40413,26,26,0
2324,0.40430,26,26,0
2325,0.40447,26,26,0
2326,0.40463,26,26,0
2327,0.40480,26,26,0
2328,0.40498,26,26,0
2329,0.40515,26,26,0
2330,0.40532,26,26,0
2331,0.40549,26,26,0
2332,0.40566,26,26,0
2333,0.40583,26,26,0
2334,0.40600,26,26,0
2335,0.40617,26,26,0
2336,0.40634,26,26,0
2337,0.40651,26,26,0
2338,0.40668,26,26,0
2339,0.40685,26,26,0
2340,0.40702,28,21,3
2341,0.40719,28,21,0
2342,0.40735,28,21,0
2343,0.40752,28,21,0
2344,0.40769,28,21,0
2345,0.40786,28,27,0
2346,0.40803,28,28,0
2347,0.40820,28,28,0
2348,0.40837,28,28,0
2349,0.40854,28,28,0
2350,0.40871,28,28,0
2351,0.40888,28,28,0
2352,0.40905,28,28,0
2353,0.40922,28,28,0
2354,0.40939,28,28,0
2355,0.40956,28,28,0
2356,0.40973,28,28,0
2357,0.40990,28,28,0
2358,0.41007,28,28,0
2359,0.41024,28,28,0
2360,0.41041,28,28,0
2361,0.41058,28,28,0
2362,0.41075,28,28,0
2363,0.41092,28,28,0
2364,0.41109,28,28,0
2365,0.41126,28,28,0
2366,0.41143,28,28,0
2367,0.41160,28,28,0
2368,0.41177,28,28,0
2369,0.41194,28,28,0
2370,0.41211,28,28,0
2371,0.41228,28,28,0
2372,0.41245,28,28,0
2373,0.41262,28,28,0
2374,0.41279,28,28,0
2375,0.41296,28,28,0
2376,0.41313,28,28,0
2377,0.41330,28,28,0
2378,0.41347,28,28,0
2379,0.41364,28,28,0
2380,0.41381,28,28,0
2381,0.41397,28,28,0
2382,0.41414,27,27,0
2383,0.41431,27,27,0
2384,0.41449,27,27,0
2385,0.41466,27,27,0
2386,0.41483,27,27,0
2387,0.41500,27,27,0
2388,0.41516,27,27,0
2389,0.41533,27,27,0
2390,0.41550,27,27,0
2391,0.41567,27,27,0
2392,0.41584,27,27,0
2393,0.41601,27,27,0
2394,0.41618,27,27,0
2395,0.41635,27,27,0
2396,0.41652,27,27,0
2397,0.41669,27,27,0
2398,0.41686,27,27,0
2399,0.41703,27,27,0
2400,0.41720,27,27,0
2401,0.41737,27,27,0
2402,0.41754,27,27,0
2403,0.41771,27,27,0
2404,0.41788,26,26,0
2405,0.41805,26,26,0
2406,0.41822,26,26,0
2407,0.41839,26,26,0
2408,0.41856,26,26,0
2409,0.41873,26,26,0
2410,0.41890,26,26,0
2411,0.41907,26,26,0
2412,0.41924,26,26,0
2413,0.41941,26,26,0
2414,0.41958,26,26,0
2415,0.41975,26,26,0
2416,0.41991,26,26,0
2417,0.42008,26,26,0
2418,0.42025,26,26,0
2419,0.42042,26,26,0
2420,0.42060,26,26,0
2421,0.42077,26,26,0
2422,0.42093,26,26,0
2423,0.42110,26,26,0
2424,0.42127,26,26,0
2425,0.42144,25,25,0
2426,0.42161,25,25,0
2427,0.42178,25,25,0
2428,0.42195,25,25,0
2429,0.42212,25,25,0
2430,0.42229,25,25,0
2431,0.42246,25,25,0
2432,0.42263,25,25,0
2433,0.42280,25,25,0
2434,0.42297,25,25,0
2435,0.42314,25,25,0
2436,0.42331,25,25,0
2437,0.42348,25,25,0
2438,0.42365,25,25,0
2439,0.42382,25,25,0
2440,0.42399,25,25,0
2441,0.42416,24,24,0
2442,0.42433,24,24,0
2443,0.42450,24,24,0
2444,0.42467,24,24,0
2445,0.42484,24,24,0
2446,0.42501,24,24,0
2447,0.42518,24,24,0
2448,0.42535,24,24,0
2449,0.42552,23,23,0
2450,0.42569,23,23,0
2451,0.42586,23,23,0
2452,0.42602,23,23,0
2453,0.42619,23,23,0
2454,0.42637,23,23,0
2455,0.42654,25,22,4
2456,0.42671,25,22,0
2457,0.42688,25,22,0
2458,0.42704,25,22,0
2459,0.42721,25,22,0
2460,0.42738,25,22,0
2461,0.42755,25,25,0
2462,0.42772,28,25,4
2463,0.42789,28,25,0
2464,0.42806,28,25,0
2465,0.42823,28,25,0
2466,0.42840,28,25,0
2467,0.42858,28,28,0
2468,0.42875,28,28,0
2469,0.42892,28,28,0
2470,0.42909,28,28,0
2471,0.42925,28,28,0
2472,0.42943,28,28,0
2473,0.42960,28,28,0
2474,0.42976,28,28,0
2475,0.42993,28,28,0
2476,0.43010,28,28,0
2477,0.43027,28,28,0
2478,0.43044,28,28,0
2479,0.43061,28,28,0
2480,0.43078,28,28,0
2481,0.43095,30,28,3
2482,0.43111,30,28,0
2483,0.43128,30,28,0
2484,0.43145,31,28,2
2485,0.43163,30,28,0
2486,0.43180,30,28,0
2487,0.43197,30,29,0
2488,0.43214,30,29,0
2489,0.43231,30,29,0
2490,0.43248,30,30,0
2491,0.43265,30,30,0
2492,0.43282,30,30,0
2493,0.43299,30,30,0
2494,0.43315,30,30,0
2495,0.43332,30,30,0
2496,0.43349,30,30,0
2497,0.43366,30,30,0
2498,0.43383,30,30,0
2499,0.43400,30,30,0
2500,0.43417,30,30,1
2501,0.43434,30,30,0
2502,0.43451,30,30,0
2503,0.43469,30,30,0
2504,0.43485,30,30,0
2505,0.43502,30,30,0
2506,0.43519,30,30,0
2507,0.43536,30,30,0
2508,0.43554,30,30,0
2509,0.43570,33,30,4
2510,0.43587,33,30,0
2511,0.43604,33,30,0
2512,0.43622,33,30,0
2513,0.43639,33,30,0
2514,0.43656,33,30,0
2515,0.43672,33,33,0
2516,0.43689,33,33,0
2517,0.43706,33,33,0
2518,0.43723,33,33,0
2519,0.43740,33,33,0
2520,0.43757,33,33,0
2521,0.43774,33,33,0
2522,0.43791,33,33,0
2523,0.43808,32,32,0
2524,0.43825,32,32,0
2525,0.43842,32,32,0
2526,0.43859,31,31,0
2527,0.43876,31,31,0
2528,0.43893,31,31,0
2529,0.43910,31,31,0
2530,0.43927,31,31,0
2531,0.43944,31,31,0
2532,0.43961,31,31,0
2533,0.43978,31,31,0
2534,0.43995,31,31,0
2535,0.44012,31,31,0
2536,0.44029,31,31,0
2537,0.44046,31,31,0
2538,0.44063,31,31,0
2539,0.44079,31,31,0
2540,0.44097,31,31,0
2541,0.44113,31,31,0
2542,0.44130,31,31,0
2543,0.44147,31,31,0
2544,0.44165,31,31,0
2545,0.44181,30,30,0
2546,0.44198,30,30,0
2547,0.44215,29,29,0
2548,0.44232,29,29,0
2549,0.44249,29,29,0
2550,0.44266,29,29,0
2551,0.44283,29,29,0
2552,0.44300,30,28,1
2553,0.44318,30,28,0
2554,0.44335,30,28,0
2555,0.44352,30,30,0
2556,0.44369,30,30,0
2557,0.44386,30,30,0
2558,0.44403,30,30,0
2559,0.44420,30,30,0
2560,0.44436,30,30,0
2561,0.44453,29,29,0
2562,0.44470,29,29,0
2563,0.44487,29,29,0
2564,0.44505,29,29,0
2565,0.44522,29,29,0
2566,0.44539,29,29,0
2567,0.44555,29,29,0
2568,0.44572,29,29,0
2569,0.44589,29,29,0
2570,0.44606,29,29,0
2571,0.44623,29,29,0
2572,0.44640,29,29,0
2573,0.44657,29,29,0
2574,0.44674,29,29,0
2575,0.44691,29,29,0
2576,0.44708,29,29,0
2577,0.44725,29,29,0
2578,0.44742,29,29,0
2579,0.44759,29,29,0
2580,0.44776,29,29,0
2581,0.44793,29,29,0
2582,0.44809,30,1,1
2583,0.44826,30,1,0
2584,0.44843,30,1,0
2585,0.44860,30,1,0
2586,0.44878,30,1,0
2587,0.44895,30,1,0
2588,0.44912,30,1,0
2589,0.44928,30,1,0
2590,0.44945,30,30,0
2591,0.44962,30,30,0
2592,0.44979,30,30,0
2593,0.44996,29,29,0
2594,0.45013,29,29,0
2595,0.45030,29,29,0
2596,0.45047,29,29,0
2597,0.45064,29,29,0
2598,0.45081,29,29,0
2599,0.45098,29,29,0
2600,0.45115,29,29,0
2601,0.45132,29,29,0
2602,0.45149,29,29,0
2603,0.45166,29,29,0
2604,0.45183,29,29,0
2605,0.45200,29,29,0
2606,0.45216,29,29,0
2607,0.45233,29,29,0
2608,0.45251,29,29,0
2609,0.45268,29,29,0
2610,0.45284,29,29,0
2611,0.45302,30,29,2
2612,0.45319,30,29,0
2613,0.45336,30,29,0
2614,0.45352,30,29,0
2615,0.45369,30,29,0
2616,0.45386,30,30,0
2617,0.45403,30,30,0
2618,0.45420,30,30,0
2619,0.45437,30,30,0
2620,0.45454,30,30,0
2621,0.45471,30,30,0
2622,0.45488,30,30,0
2623,0.45505,30,30,0
2624,0.45521,29,29,0
2625,0.45538,29,29,0
2626,0.45555,29,29,0
2627,0.45572,29,29,0
2628,0.45589,29,29,0
2629,0.45606,29,29,1
2630,0.45623,29,29,0
2631,0.45640,28,28,0
2632,0.45657,28,28,0
2633,0.45674,28,28,0
2634,0.45691,28,28,0
2635,0.45708,28,28,0
2636,0.45725,28,28,0
2637,0.45742,28,28,0
2638,0.45759,28,28,0
2639,0.45776,28,28,0
2640,0.45793,28,28,0
2641,0.45810,28,28,0
2642,0.45827,28,28,0
2643,0.45844,28,28,0
2644,0.45861,28,28,0
2645,0.45878,28,28,0
2646,0.45895,28,28,0
2647,0.45912,28,28,0
2648,0.45929,28,28,0
2649,0.45946,28,28,0
2650,0.45963,28,28,0
2651,0.45980,28,28,0
2652,0.45997,28,28,0
2653,0.46014,28,28,0
2654,0.46031,28,28,0
2655,0.46048,28,28,0
2656,0.46065,28,28,0
2657,0.46082,28,28,0
2658,0.46099,28,28,0
2659,0.46116,28,28,0
2660,0.46133,28,28,0
2661,0.46149,28,28,0
2662,0.46166,28,28,0
2663,0.46183,28,28,0
2664,0.46200,27,27,0
2665,0.46218,27,27,0
2666,0.46234,27,27,0
2667,0.46251,27,27,0
2668,0.46268,27,27,0
2669,0.46285,27,27,0
2670,0.46302,27,27,0
2671,0.46319,27,27,0
2672,0.46336,27,27,0
2673,0.46353,28,27,2
2674,0.46370,28,27,1
2675,0.46387,28,27,0
2676,0.46404,28,27,0
2677,0.46421,28,27,0
2678,0.46438,28,27,0
2679,0.46455,28,28,0
2680,0.46472,28,28,0
2681,0.46489,28,28,0
2682,0.46505,28,28,0
2683,0.46522,28,28,0
2684,0.46539,28,28,0
2685,0.46556,28,28,0
2686,0.46573,27,27,0
2687,0.46591,27,27,0
2688,0.46608,27,27,0
2689,0.46625,27,27,0
2690,0.46641,27,27,0
2691,0.46658,27,27,0
2692,0.46675,27,27,0
2693,0.46692,27,27,0
2694,0.46709,27,27,0
2695,0.46726,27,27,0
2696,0.46743,27,27,0
2697,0.46760,27,27,0
2698,0.46777,27,27,0
2699,0.46794,27,27,0
2700,0.46811,26,26,0
2701,0.46828,26,26,0
2702,0.46845,26,26,0
2703,0.46862,26,26,0
2704,0.46879,26,26,0
2705,0.46896,26,26,0
2706,0.46913,26,26,0
2707,0.46930,26,26,0
2708,0.46947,26,26,0
2709,0.46964,26,26,0
2710,0.46981,26,26,0
2711,0.46998,26,26,0
2712,0.47015,26,26,0
2713,0.47032,26,26,0
2714,0.47049,26,26,0
2715,0.47065,26,26,0
2716,0.47082,25,25,0
2717,0.47099,25,25,0
2718,0.47116,25,25,0
2719,0.47133,25,25,0
2720,0.47150,25,25,0
2721,0.47167,25,25,0
2722,0.47184,25,25,0
2723,0.47201,28,25,4
2724,0.47218,28,25,0
2725,0.47235,28,25,0
2726,0.47252,28,25,0
2727,0.47269,28,25,0
2728,0.47286,28,25,0
2729,0.47303,28,25,0
2730,0.47320,28,28,0
2731,0.47337,28,28,0
2732,0.47354,28,28,0
2733,0.47371,28,28,0
2734,0.47388,28,28,0
2735,0.47404,28,28,0
2736,0.47422,28,28,0
2737,0.47438,28,28,0
2738,0.47455,28,28,0
2739,0.47472,28,28,0
2740,0.47489,28,28,0
2741,0.47506,28,28,0
2742,0.47523,28,28,0
2743,0.47540,28,28,0
2744,0.47557,28,28,0
2745,0.47574,28,28,0
2746,0.47591,28,28,0
2747,0.47608,28,28,0
2748,0.47625,28,28,0
2749,0.47642,28,28,0
2750,0.47659,28,28,0
2751,0.47676,28,28,0
2752,0.47693,28,28,0
2753,0.47710,28,28,0
2754,0.47727,28,28,0
2755,0.47744,28,28,0
2756,0.47761,28,28,0
2757,0.47778,28,28,0
2758,0.47795,28,28,0
2759,0.47812,28,28,0
2760,0.47829,28,28,0
2761,0.47846,28,28,0
2762,0.47863,28,28,0
2763,0.47880,29,28,1
2764,0.47897,29,28,0
2765,0.47914,30,28,2
2766,0.47931,30,28,0
2767,0.47948,30,28,0
2768,0.47965,30,28,0
2769,0.47982,30,29,0
2770,0.47999,30,29,0
2771,0.48016,30,30,0
2772,0.48033,30,30,0
2773,0.48050,30,30,0
2774,0.48067,31,30,2
2775,0.48084,31,30,0
2776,0.48101,31,30,0
2777,0.48118,31,30,0
2778,0.48135,31,30,0
2779,0.48152,31,31,0
2780,0.48169,31,31,0
2781,0.48186,31,31,0
2782,0.48203,31,31,0
2783,0.48220,31,31,0
2784,0.48237,30,30,0
2785,0.48254,30,30,0
2786,0.48271,30,30,0
2787,0.48288,30,30,0
2788,0.48305,30,30,0
2789,0.48322,30,30,0
2790,0.48339,30,30,0
2791,0.48356,30,30,0
2792,0.48373,30,30,0
2793,0.48390,30,30,0
2794,0.48407,30,30,0
2795,0.48424,30,30,0
2796,0.48440,30,30,0
2797,0.48457,30,30,0
2798,0.48474,30,30,0
2799,0.48491,30,30,0
2800,0.48508,30,30,0
2801,0.48525,30,30,0
2802,0.48542,30,30,0
2803,0.48559,30,30,0
2804,0.48576,30,30,0
2805,0.48593,30,30,0
2806,0.48610,29,29,0
2807,0.48627,29,29,0
2808,0.48644,28,28,0
2809,0.48661,28,28,0
2810,0.48678,28,28,0
2811,0.48695,28,28,0
2812,0.48712,28,28,0
2813,0.48729,28,28,0
2814,0.48745,28,28,0
2815,0.48762,28,28,1
2816,0.48779,28,28,0
2817,0.48797,28,28,0
2818,0.48813,28,28,0
2819,0.48830,28,28,0
2820,0.48847,28,28,0
2821,0.48864,28,28,0
2822,0.48881,28,28,0
2823,0.48898,28,28,0
2824,0.48915,28,28,0
2825,0.48932,29,1,1
2826,0.48949,29,1,0
2827,0.48966,28,1,0
2828,0.48983,28,1,0
2829,0.49000,28,28,0
2830,0.49017,28,28,0
2831,0.49034,28,28,0
2832,0.49051,28,28,0
2833,0.49068,28,28,0
2834,0.49085,28,28,0
2835,0.49102,28,28,0
2836,0.49119,27,27,0
2837,0.49136,27,27,0
2838,0.49153,27,27,0
2839,0.49170,27,27,0
2840,0.49187,27,27,0
2841,0.49204,27,27,0
2842,0.49221,27,27,0
2843,0.49238,27,27,0
2844,0.49255,27,27,0
2845,0.49272,27,27,0
2846,0.49289,27,27,0
2847,0.49306,27,27,0
2848,0.49323,27,27,0
2849,0.49340,27,27,0
2850,0.49356,27,27,0
2851,0.49374,27,27,0
2852,0.49391,27,27,0
2853,0.49408,27,27,0
2854,0.49424,27,27,0
2855,0.49441,28,27,1
2856,0.49458,28,27,0
2857,0.49475,28,27,0
2858,0.49492,28,27,0
2859,0.49509,28,27,0
2860,0.49526,28,27,0
2861,0.49543,28,28,0
2862,0.49560,28,28,0
2863,0.49577,28,28,0
2864,0.49594,28,28,0
2865,0.49611,28,28,0
2866,0.49628,28,28,0
2867,0.49645,28,28,0
2868,0.49662,28,28,0
2869,0.49679,28,28,0
2870,0.49696,28,28,0
2871,0.49712,28,28,0
2872,0.49729,28,28,0
2873,0.49746,28,28,0
2874,0.49763,28,28,0
2875,0.49780,28,28,0
2876,0.49797,28,28,0
2877,0.49814,28,28,0
2878,0.49831,28,28,0
2879,0.49848,28,28,0
2880,0.49865,28,28,0
2881,0.49882,28,28,0
2882,0.49899,28,28,0
2883,0.49917,28,28,0
2884,0.49933,28,28,0
2885,0.49950,30,28,3
2886,0.49967,30,28,0
2887,0.49984,30,28,0
2888,0.50001,29,28,0
