Frame,Progress,VisibleTiles,DisplayedTiles,TextureChanges,FastFlickers
1,0.00890,180,0,0,0
2,0.01005,45,0,0,0
3,0.01022,45,0,0,0
4,0.01039,45,0,0,0
5,0.01056,45,0,0,0
6,0.01073,44,0,0,0
7,0.01090,43,0,0,0
8,0.01107,43,0,0,0
9,0.01124,43,0,0,0
10,0.01141,46,0,0,0
11,0.01158,46,0,0,0
12,0.01175,46,0,0,0
13,0.01192,46,1,0,0
14,0.01209,45,2,0,0
15,0.01226,44,3,0,0
16,0.01243,44,3,0,0
17,0.01260,44,4,0,0
18,0.01277,44,4,0,0
19,0.01293,43,4,0,0
20,0.01310,43,8,0,0
21,0.01327,43,8,0,0
22,0.01344,43,8,0,0
23,0.01361,41,8,0,0
24,0.01378,41,8,0,0
25,0.01395,41,9,0,0
26,0.01412,41,11,0,0
27,0.01429,41,12,0,0
28,0.01446,41,12,0,0
29,0.01463,41,12,0,0
30,0.01480,40,13,0,0
31,0.01497,39,12,0,0
32,0.01514,39,15,0,0
33,0.01531,41,17,0,0
34,0.01548,41,17,0,0
35,0.01565,41,17,0,0
36,0.01582,41,17,0,0
37,0.01599,41,18,0,0
38,0.01616,40,17,0,0
39,0.01633,39,16,0,0
40,0.01650,39,16,0,0
41,0.01667,39,18,0,0
42,0.01684,39,18,0,0
43,0.01701,38,18,0,0
44,0.01718,38,18,0,0
45,0.01735,38,18,0,0
46,0.01752,38,18,0,0
47,0.01769,37,17,0,0
48,0.01786,37,17,0,0
49,0.01803,37,17,0,0
50,0.01820,37,17,0,0
51,0.01837,37,17,0,0
52,0.01854,37,18,0,0
53,0.01871,37,18,0,0
54,0.01888,35,17,0,0
55,0.01905,35,17,0,0
56,0.01922,35,17,0,0
57,0.01939,38,17,0,0
58,0.01956,42,20,0,0
59,0.01973,43,20,0,0
60,0.01990,43,20,0,0
61,0.02007,43,19,0,0
62,0.02024,43,20,0,0
63,0.02041,43,20,0,0
64,0.02058,43,22,0,0
65,0.02075,43,24,0,0
66,0.02092,44,24,0,0
67,0.02109,44,26,3,0
68,0.02126,46,26,0,0
69,0.02143,45,25,0,0
70,0.02160,44,25,0,0
71,0.02177,44,25,0,0
72,0.02194,44,25,0,0
73,0.02211,44,26,0,0
74,0.02228,44,28,0,0
75,0.02245,43,27,0,0
76,0.02262,43,29,0,0
77,0.02279,42,30,0,0
78,0.02296,42,31,0,0
79,0.02313,42,31,0,0
80,0.02330,42,31,0,0
81,0.02347,41,31,0,0
82,0.02364,41,30,0,0
83,0.02381,40,29,0,0
84,0.02398,43,32,0,0
85,0.02415,43,32,0,0
86,0.02432,43,32,0,0
87,0.02449,43,32,0,0
88,0.02466,42,31,0,0
89,0.02483,42,31,0,0
90,0.02500,42,33,3,3
91,0.02517,42,33,0,0
92,0.02534,42,33,0,0
93,0.02550,42,33,0,0
94,0.02567,40,33,0,0
95,0.02584,40,33,0,0
96,0.02601,40,33,0,0
97,0.02618,40,33,0,0
98,0.02635,40,33,0,0
99,0.02652,40,33,0,0
100,0.02669,39,32,0,0
101,0.02686,39,32,0,0
102,0.02703,41,34,0,0
103,0.02720,44,38,0,0
104,0.02737,43,37,0,0
105,0.02754,42,36,0,0
106,0.02771,41,35,0,0
107,0.02788,44,38,0,0
108,0.02805,44,38,0,0
109,0.02822,44,38,0,0
110,0.02839,44,38,4,0
111,0.02856,44,38,0,0
112,0.02873,43,37,0,0
113,0.02890,43,37,0,0
114,0.02907,42,36,0,0
115,0.02924,41,35,0,0
116,0.02941,41,35,4,0
117,0.02958,41,35,0,0
118,0.02975,40,35,0,0
119,0.02992,40,36,0,0
120,0.03009,40,36,0,0
121,0.03026,43,39,0,0
122,0.03043,42,39,0,0
123,0.03060,40,37,0,0
124,0.03077,40,37,0,0
125,0.03094,41,38,0,0
126,0.03111,41,38,0,0
127,0.03128,42,41,3,0
128,0.03145,42,41,0,0
129,0.03162,41,40,0,0
130,0.03179,40,39,0,0
131,0.03196,40,39,0,0
132,0.03213,40,40,0,0
133,0.03230,40,40,0,0
134,0.03247,38,38,0,0
135,0.03264,38,38,0,0
136,0.03281,41,41,0,0
137,0.03298,41,41,0,0
138,0.03315,41,41,0,0
139,0.03332,43,43,0,0
140,0.03349,42,42,0,0
141,0.03366,45,45,0,0
142,0.03383,43,43,0,0
143,0.03400,43,43,0,0
144,0.03417,41,41,4,0
145,0.03434,41,41,0,0
146,0.03451,41,41,0,0
147,0.03468,41,41,7,0
148,0.03485,41,41,0,0
149,0.03502,39,39,0,0
150,0.03519,39,39,0,0
151,0.03536,39,39,0,0
152,0.03553,39,39,0,0
153,0.03570,38,38,0,0
154,0.03587,39,39,0,0
155,0.03604,39,39,0,0
156,0.03621,39,39,0,0
157,0.03638,38,38,0,0
158,0.03655,37,37,0,0
159,0.03672,37,37,0,0
160,0.03689,36,36,0,0
161,0.03706,37,37,0,0
162,0.03723,37,37,0,0
163,0.03740,36,36,0,0
164,0.03757,36,36,0,0
165,0.03774,36,36,0,0
166,0.03791,36,36,0,0
167,0.03808,35,35,0,0
168,0.03825,35,35,0,0
169,0.03842,39,39,2,0
170,0.03859,42,42,0,0
171,0.03876,41,41,0,0
172,0.03893,41,41,0,0
173,0.03909,42,42,0,0
174,0.03926,42,42,0,0
175,0.03943,43,43,0,0
176,0.03960,42,42,4,0
177,0.03977,41,41,2,0
178,0.03994,41,41,0,0
179,0.04011,41,41,0,0
180,0.04028,40,40,0,0
181,0.04045,40,40,0,0
182,0.04062,40,40,0,0
183,0.04079,40,40,0,0
184,0.04096,39,39,0,0
185,0.04113,38,38,0,0
186,0.04130,41,41,0,0
187,0.04147,41,41,0,0
188,0.04164,40,40,0,0
189,0.04181,40,40,0,0
190,0.04198,40,40,0,0
191,0.04215,40,40,0,0
192,0.04232,39,39,0,0
193,0.04249,38,38,0,0
194,0.04266,38,38,2,0
195,0.04283,41,41,0,0
196,0.04300,39,39,0,0
197,0.04317,42,42,0,0
198,0.04334,42,42,0,0
199,0.04351,41,41,0,0
200,0.04368,40,40,4,4
201,0.04385,43,43,0,0
202,0.04402,43,43,0,0
203,0.04419,43,43,0,0
204,0.04436,45,45,0,0
205,0.04453,44,44,0,0
206,0.04470,44,44,0,0
207,0.04487,44,44,4,0
208,0.04504,43,43,0,0
209,0.04521,43,43,0,0
210,0.04537,46,46,0,0
211,0.04555,45,45,0,0
212,0.04571,45,45,0,0
213,0.04588,45,45,0,0
214,0.04605,47,47,0,0
215,0.04622,47,47,4,0
216,0.04639,47,47,0,0
217,0.04656,45,45,0,0
218,0.04673,45,45,2,0
219,0.04690,46,46,0,0
220,0.04707,49,49,4,0
221,0.04724,49,49,0,0
222,0.04741,48,48,0,0
223,0.04758,53,53,0,0
224,0.04775,53,53,0,0
225,0.04792,53,53,8,4
226,0.04809,51,51,0,0
227,0.04826,51,51,0,0
228,0.04842,51,51,0,0
229,0.04859,49,49,0,0
230,0.04876,49,49,0,0
231,0.04893,49,49,0,0
232,0.04910,47,47,0,0
233,0.04927,49,49,5,0
234,0.04945,49,49,0,0
235,0.04961,49,49,0,0
236,0.04979,47,47,0,0
237,0.04996,47,47,0,0
238,0.05012,46,46,0,0
239,0.05030,44,44,0,0
240,0.05047,44,44,0,0
241,0.05064,44,44,0,0
242,0.05081,42,42,0,0
243,0.05098,45,45,2,0
244,0.05115,48,48,0,0
245,0.05132,47,47,0,0
246,0.05149,48,48,0,0
247,0.05166,48,48,4,4
248,0.05183,48,48,0,0
249,0.05200,49,49,0,0
250,0.05217,48,48,0,0
251,0.05234,48,48,0,0
252,0.05251,47,47,5,1
253,0.05268,47,47,0,0
254,0.05285,50,50,0,0
255,0.05302,51,51,0,0
256,0.05319,50,50,0,0
257,0.05335,50,50,0,0
258,0.05352,48,48,0,0
259,0.05369,48,48,0,0
260,0.05386,48,48,0,0
261,0.05403,46,46,6,0
262,0.05420,46,46,0,0
263,0.05437,46,46,0,0
264,0.05454,49,49,0,0
265,0.05471,50,50,0,0
266,0.05488,48,48,0,0
267,0.05505,50,50,0,0
268,0.05522,50,50,4,4
269,0.05539,49,49,0,0
270,0.05556,49,49,0,0
271,0.05573,48,48,4,4
272,0.05590,46,46,0,0
273,0.05607,49,49,0,0
274,0.05624,49,49,0,0
275,0.05641,46,46,0,0
276,0.05658,46,46,3,3
277,0.05675,46,46,0,0
278,0.05692,45,45,0,0
279,0.05709,45,45,0,0
280,0.05725,44,44,0,0
281,0.05742,46,46,0,0
282,0.05759,46,46,0,0
283,0.05776,48,48,0,0
284,0.05793,49,49,0,0
285,0.05810,49,49,4,4
286,0.05827,47,47,4,4
287,0.05844,47,47,0,0
288,0.05861,45,45,0,0
289,0.05878,45,45,2,2
290,0.05895,45,45,0,0
291,0.05912,44,44,0,0
292,0.05929,44,44,0,0
293,0.05946,47,47,0,0
294,0.05963,46,46,0,0
295,0.05980,47,47,0,0
296,0.05997,46,46,0,0
297,0.06014,46,46,0,0
298,0.06031,45,45,0,0
299,0.06048,48,48,0,0
300,0.06065,49,49,0,0
301,0.06082,49,49,0,0
302,0.06099,49,49,0,0
303,0.06116,48,48,0,0
304,0.06133,47,47,0,0
305,0.06150,48,48,0,0
306,0.06167,47,47,4,0
307,0.06184,47,47,0,0
308,0.06201,46,46,0,0
309,0.06218,48,48,0,0
310,0.06235,48,48,0,0
311,0.06252,46,46,0,0
312,0.06269,46,46,0,0
313,0.06286,44,44,7,0
314,0.06303,47,47,0,0
315,0.06320,47,47,0,0
316,0.06337,47,47,1,0
317,0.06354,52,52,0,0
318,0.06371,49,49,0,0
319,0.06388,49,49,4,4
320,0.06405,53,53,0,0
321,0.06422,51,51,0,0
322,0.06439,49,49,0,0
323,0.06456,52,52,0,0
324,0.06473,50,50,0,0
325,0.06490,50,50,0,0
326,0.06507,49,49,0,0
327,0.06524,48,48,8,0
328,0.06542,47,47,0,0
329,0.06558,46,46,0,0
330,0.06575,48,48,0,0
331,0.06592,50,50,0,0
332,0.06609,49,49,0,0
333,0.06626,48,48,0,0
334,0.06643,47,47,7,7
335,0.06660,44,44,0,0
336,0.06677,44,44,0,0
337,0.06694,43,43,0,0
338,0.06711,43,43,0,0
339,0.06728,46,46,0,0
340,0.06745,44,44,0,0
341,0.06762,43,43,0,0
342,0.06779,44,44,0,0
343,0.06796,42,42,2,2
344,0.06813,47,47,0,0
345,0.06830,45,45,0,0
346,0.06847,44,44,0,0
347,0.06864,47,47,0,0
348,0.06881,47,47,0,0
349,0.06898,48,48,0,0
350,0.06915,47,47,4,0
351,0.06932,46,46,1,0
352,0.06949,47,47,0,0
353,0.06966,46,46,8,1
354,0.06983,45,45,0,0
355,0.07000,45,45,0,0
356,0.07017,43,43,2,2
357,0.07034,46,46,0,0
358,0.07051,46,46,0,0
359,0.07068,49,49,0,0
360,0.07085,47,47,4,4
361,0.07102,48,48,0,0
362,0.07119,47,47,0,0
363,0.07136,43,43,0,0
364,0.07153,46,46,4,4
365,0.07170,43,43,0,0
366,0.07187,42,42,0,0
367,0.07204,41,41,0,0
368,0.07221,40,40,2,2
369,0.07238,40,40,0,0
370,0.07255,42,42,0,0
371,0.07272,47,47,0,0
372,0.07289,47,47,0,0
373,0.07306,45,45,4,4
374,0.07323,43,43,4,4
375,0.07340,42,42,0,0
376,0.07357,41,41,0,0
377,0.07374,41,41,1,0
378,0.07391,42,42,0,0
379,0.07408,43,43,0,0
380,0.07425,41,41,0,0
381,0.07441,41,41,0,0
382,0.07458,39,39,2,2
383,0.07475,42,42,1,0
384,0.07492,44,44,0,0
385,0.07509,43,43,0,0
386,0.07526,42,42,0,0
387,0.07543,42,42,4,4
388,0.07560,42,42,0,0
389,0.07577,41,41,0,0
390,0.07594,41,41,0,0
391,0.07611,42,42,0,0
392,0.07628,41,41,0,0
393,0.07645,40,40,0,0
394,0.07662,39,39,0,0
395,0.07679,39,39,0,0
396,0.07696,38,38,0,0
397,0.07713,38,38,0,0
398,0.07730,41,41,0,0
399,0.07747,43,43,0,0
400,0.07764,43,43,0,0
401,0.07781,42,42,0,0
402,0.07798,42,42,4,4
403,0.07815,41,41,0,0
404,0.07832,44,44,0,0
405,0.07849,44,44,0,0
406,0.07866,43,43,4,0
407,0.07883,42,42,0,0
408,0.07900,44,44,0,0
409,0.07917,44,44,4,4
410,0.07934,46,46,0,0
411,0.07951,45,45,0,0
412,0.07968,44,44,4,4
413,0.07985,44,44,0,0
414,0.08002,47,47,0,0
415,0.08019,45,45,4,4
416,0.08036,45,45,0,0
417,0.08053,46,46,0,0
418,0.08070,44,44,0,0
419,0.08087,43,43,4,4
420,0.08104,43,43,0,0
421,0.08121,48,48,0,0
422,0.08138,48,48,0,0
423,0.08155,49,49,0,0
424,0.08172,47,47,0,0
425,0.08189,47,47,8,8
426,0.08206,46,46,0,0
427,0.08223,45,45,0,0
428,0.08240,45,45,0,0
429,0.08257,45,45,0,0
430,0.08274,44,44,0,0
431,0.08291,44,44,0,0
432,0.08308,43,43,0,0
433,0.08325,43,43,0,0
434,0.08342,44,44,0,0
435,0.08359,44,44,0,0
436,0.08375,42,42,0,0
437,0.08392,44,44,3,3
438,0.08409,47,47,0,0
439,0.08426,47,47,0,0
440,0.08443,45,45,3,3
441,0.08460,45,45,0,0
442,0.08477,42,42,4,4
443,0.08494,42,42,0,0
444,0.08511,41,41,0,0
445,0.08528,41,41,0,0
446,0.08545,41,41,0,0
447,0.08562,44,44,0,0
448,0.08579,44,44,0,0
449,0.08596,44,44,4,4
450,0.08613,43,43,0,0
451,0.08630,43,43,0,0
452,0.08647,44,44,4,4
453,0.08664,44,44,0,0
454,0.08681,43,43,0,0
455,0.08698,43,43,0,0
456,0.08715,43,43,0,0
457,0.08731,41,41,0,0
458,0.08748,41,41,0,0
459,0.08765,40,40,0,0
460,0.08782,40,40,0,0
461,0.08799,40,40,0,0
462,0.08816,40,40,0,0
463,0.08833,40,40,0,0
464,0.08850,40,40,0,0
465,0.08867,39,39,0,0
466,0.08884,39,39,0,0
467,0.08901,39,39,0,0
468,0.08918,41,41,0,0
469,0.08935,40,40,0,0
470,0.08952,40,40,0,0
471,0.08969,39,39,4,4
472,0.08986,40,40,0,0
473,0.09003,40,40,0,0
474,0.09020,40,40,0,0
475,0.09037,43,43,0,0
476,0.09054,43,43,0,0
477,0.09071,41,41,0,0
478,0.09088,40,40,4,4
479,0.09105,40,40,0,0
480,0.09122,41,41,0,0
481,0.09139,41,41,0,0
482,0.09155,40,40,0,0
483,0.09172,40,40,2,1
484,0.09189,40,40,0,0
485,0.09206,40,40,0,0
486,0.09223,39,39,0,0
487,0.09240,39,39,0,0
488,0.09257,38,38,0,0
489,0.09274,37,37,0,0
490,0.09291,37,37,0,0
491,0.09308,37,37,0,0
492,0.09325,37,37,0,0
493,0.09342,36,36,0,0
494,0.09359,35,35,0,0
495,0.09376,36,36,0,0
496,0.09393,38,38,0,0
497,0.09410,40,40,0,0
498,0.09427,40,40,0,0
499,0.09444,39,39,4,4
500,0.09461,39,39,0,0
501,0.09478,39,39,4,4
502,0.09495,40,40,0,0
503,0.09512,40,40,0,0
504,0.09529,41,41,0,0
505,0.09546,41,41,0,0
506,0.09563,40,40,0,0
507,0.09580,40,40,0,0
508,0.09597,40,40,0,0
509,0.09614,40,40,0,0
510,0.09631,39,39,0,0
511,0.09648,39,39,0,0
512,0.09665,39,39,0,0
513,0.09682,39,39,0,0
514,0.09699,39,39,0,0
515,0.09716,39,39,0,0
516,0.09733,38,38,0,0
517,0.09750,38,38,1,0
518,0.09767,38,38,0,0
519,0.09784,38,38,0,0
520,0.09800,38,38,0,0
521,0.09817,38,38,0,0
522,0.09834,38,38,0,0
523,0.09851,38,38,0,0
524,0.09868,37,37,0,0
525,0.09885,37,37,0,0
526,0.09902,36,36,0,0
527,0.09919,36,36,0,0
528,0.09936,36,36,0,0
529,0.09953,36,36,0,0
530,0.09970,36,36,0,0
531,0.09987,35,35,0,0
532,0.10004,35,35,0,0
533,0.10021,34,34,0,0
534,0.10038,34,34,0,0
535,0.10055,34,34,1,0
536,0.10072,34,34,0,0
537,0.10089,34,34,0,0
538,0.10106,37,37,0,0
539,0.10123,37,37,0,0
540,0.10140,36,36,0,0
541,0.10157,36,36,0,0
542,0.10174,36,36,0,0
543,0.10191,36,36,0,0
544,0.10208,36,36,4,0
545,0.10225,36,36,0,0
546,0.10242,36,36,0,0
547,0.10259,35,35,0,0
548,0.10276,35,35,0,0
549,0.10293,35,35,0,0
550,0.10310,35,35,0,0
551,0.10327,35,35,0,0
552,0.10344,38,38,0,0
553,0.10361,38,38,0,0
554,0.10378,38,38,0,0
555,0.10395,38,38,0,0
556,0.10412,38,38,4,4
557,0.10429,37,37,0,0
558,0.10446,37,37,0,0
559,0.10463,37,37,0,0
560,0.10480,36,36,0,0
561,0.10497,36,36,0,0
562,0.10514,36,36,0,0
563,0.10531,35,35,0,0
564,0.10548,35,35,0,0
565,0.10565,35,35,0,0
566,0.10582,35,35,0,0
567,0.10598,35,35,0,0
568,0.10615,35,35,0,0
569,0.10632,35,35,0,0
570,0.10650,35,35,0,0
571,0.10667,35,35,0,0
572,0.10684,34,34,0,0
573,0.10701,35,35,0,0
574,0.10718,34,34,0,0
575,0.10735,34,34,0,0
576,0.10752,34,34,0,0
577,0.10769,34,34,2,1
578,0.10786,34,34,0,0
579,0.10803,33,33,0,0
580,0.10820,33,33,0,0
581,0.10836,33,33,0,0
582,0.10853,32,32,0,0
583,0.10870,32,32,0,0
584,0.10888,32,32,0,0
585,0.10905,32,32,0,0
586,0.10921,32,32,0,0
587,0.10939,35,35,0,0
588,0.10956,36,36,0,0
589,0.10972,36,36,0,0
590,0.10990,36,36,0,0
591,0.11006,36,36,4,4
592,0.11024,35,35,0,0
593,0.11041,35,35,0,0
594,0.11058,35,35,0,0
595,0.11075,35,35,0,0
596,0.11092,35,35,0,0
597,0.11109,38,38,0,0
598,0.11125,38,38,0,0
599,0.11142,38,38,0,0
600,0.11159,38,38,0,0
601,0.11177,38,38,0,0
602,0.11194,38,38,4,4
603,0.11210,37,37,0,0
604,0.11227,37,37,0,0
605,0.11244,37,37,1,0
606,0.11262,37,37,0,0
607,0.11279,37,37,0,0
608,0.11295,37,37,0,0
609,0.11312,36,36,0,0
610,0.11329,37,37,0,0
611,0.11346,36,36,0,0
612,0.11363,36,36,0,0
613,0.11380,36,36,0,0
614,0.11397,36,36,0,0
615,0.11414,36,36,0,0
616,0.11431,36,36,0,0
617,0.11448,36,36,0,0
618,0.11464,36,36,0,0
619,0.11481,36,36,0,0
620,0.11498,36,36,0,0
621,0.11515,36,36,0,0
622,0.11533,35,35,1,0
623,0.11549,34,34,0,0
624,0.11567,34,34,0,0
625,0.11584,34,34,0,0
626,0.11601,34,34,0,0
627,0.11618,34,34,0,0
628,0.11635,33,33,0,0
629,0.11652,33,33,0,0
630,0.11668,33,33,0,0
631,0.11686,33,33,0,0
632,0.11703,33,33,1,0
633,0.11720,33,33,0,0
634,0.11736,33,33,0,0
635,0.11753,33,33,0,0
636,0.11770,33,33,0,0
637,0.11787,33,33,0,0
638,0.11804,33,33,0,0
639,0.11821,33,33,0,0
640,0.11838,33,33,0,0
641,0.11855,32,32,0,0
642,0.11872,32,32,0,0
643,0.11889,32,32,0,0
644,0.11906,32,32,0,0
645,0.11923,32,32,0,0
646,0.11940,32,32,0,0
647,0.11957,32,32,0,0
648,0.11974,32,32,0,0
649,0.11990,32,32,0,0
650,0.12007,32,32,0,0
651,0.12024,32,32,0,0
652,0.12041,32,32,0,0
653,0.12058,31,31,0,0
654,0.12075,31,31,0,0
655,0.12092,31,31,0,0
656,0.12109,31,31,0,0
657,0.12126,31,31,0,0
658,0.12143,31,31,0,0
659,0.12160,31,31,0,0
660,0.12177,31,31,0,0
661,0.12194,31,31,0,0
662,0.12211,30,30,0,0
663,0.12228,30,30,0,0
664,0.12245,30,30,0,0
665,0.12262,30,30,0,0
666,0.12279,30,30,0,0
667,0.12296,31,31,0,0
668,0.12313,31,31,0,0
669,0.12330,31,31,0,0
670,0.12347,30,30,0,0
671,0.12364,30,30,0,0
672,0.12381,30,30,0,0
673,0.12398,30,30,0,0
674,0.12415,30,30,0,0
675,0.12432,30,30,0,0
676,0.12449,30,30,0,0
677,0.12466,30,30,0,0
678,0.12483,29,29,0,0
679,0.12500,29,29,0,0
680,0.12517,29,29,0,0
681,0.12534,29,29,0,0
682,0.12551,29,29,0,0
683,0.12568,29,29,0,0
684,0.12585,29,29,0,0
685,0.12602,29,29,0,0
686,0.12619,28,28,0,0
687,0.12635,28,28,0,0
688,0.12652,28,28,0,0
689,0.12669,28,28,0,0
690,0.12686,28,28,0,0
691,0.12704,28,28,0,0
692,0.12720,28,28,0,0
693,0.12738,28,28,0,0
694,0.12754,28,28,0,0
695,0.12772,28,28,0,0
696,0.12788,28,28,0,0
697,0.12805,28,28,0,0
698,0.12822,28,28,0,0
699,0.12839,29,29,0,0
700,0.12856,29,29,0,0
701,0.12873,29,29,0,0
702,0.12890,29,29,0,0
703,0.12907,29,29,0,0
704,0.12924,29,29,0,0
705,0.12941,29,29,0,0
706,0.12958,29,29,0,0
707,0.12975,29,29,0,0
708,0.12992,29,29,0,0
709,0.13009,28,28,0,0
710,0.13026,28,28,0,0
711,0.13043,26,26,0,0
712,0.13060,26,26,0,0
713,0.13077,26,26,0,0
714,0.13094,27,27,0,0
715,0.13110,26,26,0,0
716,0.13127,26,26,0,0
717,0.13144,25,25,0,0
718,0.13161,25,25,0,0
719,0.13178,23,23,0,0
720,0.13195,23,23,0,0
721,0.13212,24,24,0,0
722,0.13229,24,24,0,0
723,0.13246,23,23,0,0
724,0.13263,23,23,0,0
725,0.13280,23,23,0,0
726,0.13297,23,23,0,0
727,0.13314,23,23,0,0
728,0.13330,23,23,0,0
729,0.13347,23,23,1,0
730,0.13365,23,23,0,0
731,0.13382,23,23,0,0
732,0.13398,23,23,0,0
733,0.13415,23,23,0,0
734,0.13432,23,23,0,0
735,0.13449,23,23,0,0
736,0.13466,23,23,0,0
737,0.13483,22,22,0,0
738,0.13500,22,22,0,0
739,0.13517,23,23,0,0
740,0.13534,23,23,0,0
741,0.13551,23,23,0,0
742,0.13568,23,23,0,0
743,0.13585,23,23,0,0
744,0.13602,22,22,0,0
745,0.13619,22,22,0,0
746,0.13636,22,22,0,0
747,0.13653,22,22,0,0
748,0.13670,22,22,0,0
749,0.13687,23,23,0,0
750,0.13704,25,25,0,0
751,0.13721,25,25,0,0
752,0.13738,25,25,0,0
753,0.13755,25,25,0,0
754,0.13771,25,25,1,0
755,0.13789,24,24,0,0
756,0.13805,24,24,0,0
757,0.13822,24,24,0,0
758,0.13839,23,23,0,0
759,0.13856,23,23,0,0
760,0.13873,22,22,0,0
761,0.13890,21,21,4,0
762,0.13907,21,21,0,0
763,0.13924,21,21,0,0
764,0.13941,24,24,0,0
765,0.13958,24,24,0,0
766,0.13975,24,24,0,0
767,0.13992,25,25,0,0
768,0.14009,25,25,0,0
769,0.14026,25,25,0,0
770,0.14043,25,25,0,0
771,0.14060,26,26,4,0
772,0.14077,26,26,0,0
773,0.14094,26,26,0,0
774,0.14111,26,26,0,0
775,0.14127,26,26,0,0
776,0.14144,26,26,0,0
777,0.14161,29,29,0,0
778,0.14178,30,30,0,0
779,0.14195,30,30,0,0
780,0.14212,30,30,0,0
781,0.14229,30,30,0,0
782,0.14246,31,31,0,0
783,0.14263,31,31,0,0
784,0.14280,30,30,0,0
785,0.14297,30,30,4,0
786,0.14314,30,30,0,0
787,0.14331,30,30,0,0
788,0.14348,30,30,0,0
789,0.14365,30,30,0,0
790,0.14382,30,30,0,0
791,0.14399,30,30,0,0
792,0.14416,30,30,0,0
793,0.14433,29,29,0,0
794,0.14450,30,30,0,0
795,0.14467,31,31,0,0
796,0.14484,29,29,0,0
797,0.14501,29,29,0,0
798,0.14518,29,29,0,0
799,0.14535,29,29,0,0
800,0.14551,29,29,0,0
801,0.14569,30,30,0,0
802,0.14585,30,30,0,0
803,0.14603,30,30,0,0
804,0.14619,30,30,0,0
805,0.14636,28,28,0,0
806,0.14653,28,28,0,0
807,0.14670,28,28,0,0
808,0.14687,28,28,0,0
809,0.14704,28,28,0,0
810,0.14721,28,28,0,0
811,0.14738,28,28,0,0
812,0.14755,28,28,0,0
813,0.14772,28,28,0,0
814,0.14789,27,27,0,0
815,0.14806,27,27,0,0
816,0.14823,27,27,0,0
817,0.14840,28,28,0,0
818,0.14857,28,28,0,0
819,0.14874,28,28,0,0
820,0.14891,28,28,0,0
821,0.14908,29,29,0,0
822,0.14925,29,29,0,0
823,0.14942,28,28,0,0
824,0.14959,28,28,0,0
825,0.14976,28,28,0,0
826,0.14993,28,28,0,0
827,0.15010,27,27,0,0
828,0.15027,28,28,0,0
829,0.15043,27,27,0,0
830,0.15060,28,28,0,0
831,0.15077,28,28,0,0
832,0.15094,28,28,3,1
833,0.15111,29,29,0,0
834,0.15128,29,29,0,0
835,0.15145,29,29,0,0
836,0.15162,29,29,0,0
837,0.15179,29,29,0,0
838,0.15196,29,29,0,0
839,0.15213,29,29,0,0
840,0.15230,29,29,0,0
841,0.15247,29,29,0,0
842,0.15264,29,29,0,0
843,0.15281,29,29,0,0
844,0.15298,30,30,0,0
845,0.15315,29,29,0,0
846,0.15332,28,28,0,0
847,0.15349,27,27,0,0
848,0.15366,27,27,3,1
849,0.15383,27,27,0,0
850,0.15400,27,27,0,0
851,0.15417,27,27,0,0
852,0.15434,28,28,0,0
853,0.15451,28,28,0,0
854,0.15468,28,28,0,0
855,0.15485,28,28,0,0
856,0.15502,28,28,3,1
857,0.15519,28,28,0,0
858,0.15536,28,28,0,0
859,0.15553,28,28,0,0
860,0.15570,28,28,0,0
861,0.15587,28,28,0,0
862,0.15604,27,27,0,0
863,0.15621,27,27,0,0
864,0.15638,27,27,0,0
865,0.15655,27,27,0,0
866,0.15672,27,27,0,0
867,0.15689,27,27,0,0
868,0.15706,27,27,4,1
869,0.15723,28,28,0,0
870,0.15740,28,28,0,0
871,0.15757,28,28,0,0
872,0.15774,28,28,0,0
873,0.15791,28,28,0,0
874,0.15807,27,27,0,0
875,0.15824,26,26,0,0
876,0.15841,26,26,0,0
877,0.15858,26,26,0,0
878,0.15875,26,26,0,0
879,0.15893,26,26,0,0
880,0.15909,26,26,0,0
881,0.15926,27,27,0,0
882,0.15943,26,26,0,0
883,0.15960,25,25,0,0
884,0.15977,25,25,0,0
885,0.15994,25,25,0,0
886,0.16011,25,25,1,0
887,0.16028,25,25,0,0
888,0.16045,25,25,0,0
889,0.16062,25,25,1,0
890,0.16079,25,25,0,0
891,0.16096,25,25,0,0
892,0.16113,25,25,0,0
893,0.16130,24,24,0,0
894,0.16147,24,24,0,0
895,0.16164,24,24,0,0
896,0.16181,24,24,0,0
897,0.16198,24,24,0,0
898,0.16215,23,23,0,0
899,0.16232,23,23,0,0
900,0.16249,22,22,0,0
901,0.16266,22,22,0,0
902,0.16283,22,22,0,0
903,0.16300,22,22,0,0
904,0.16317,22,22,0,0
905,0.16334,22,22,0,0
906,0.16351,22,22,0,0
907,0.16368,22,22,0,0
908,0.16385,21,21,0,0
909,0.16402,21,21,0,0
910,0.16419,21,21,0,0
911,0.16436,21,21,0,0
912,0.16453,21,21,1,0
913,0.16470,21,21,0,0
914,0.16486,22,22,0,0
915,0.16504,23,23,0,0
916,0.16521,23,23,0,0
917,0.16537,24,24,0,0
918,0.16554,24,24,0,0
919,0.16572,24,24,0,0
920,0.16588,25,25,0,0
921,0.16605,25,25,0,0
922,0.16622,25,25,0,0
923,0.16639,25,25,0,0
924,0.16656,25,25,0,0
925,0.16673,27,27,0,0
926,0.16690,27,27,0,0
927,0.16707,27,27,0,0
928,0.16724,28,28,0,0
929,0.16741,28,28,0,0
930,0.16758,28,28,0,0
931,0.16775,28,28,0,0
932,0.16792,28,28,0,0
933,0.16809,28,28,0,0
934,0.16826,28,28,0,0
935,0.16843,29,29,1,0
936,0.16860,29,29,0,0
937,0.16877,29,29,0,0
938,0.16894,29,29,0,0
939,0.16911,29,29,0,0
940,0.16928,29,29,0,0
941,0.16945,29,29,0,0
942,0.16962,29,29,0,0
943,0.16979,29,29,0,0
944,0.16996,29,29,0,0
945,0.17013,29,29,0,0
946,0.17030,29,29,0,0
947,0.17047,29,29,0,0
948,0.17064,29,29,1,0
949,0.17081,28,28,0,0
950,0.17098,28,28,0,0
951,0.17115,28,28,0,0
952,0.17132,28,28,0,0
953,0.17149,28,28,0,0
954,0.17166,28,28,0,0
955,0.17182,28,28,0,0
956,0.17200,28,28,0,0
957,0.17216,28,28,0,0
958,0.17233,28,28,0,0
959,0.17250,27,27,0,0
960,0.17267,27,27,0,0
961,0.17284,27,27,0,0
962,0.17301,27,27,0,0
963,0.17318,27,27,0,0
964,0.17335,27,27,0,0
965,0.17352,27,27,0,0
966,0.17369,27,27,0,0
967,0.17386,27,27,0,0
968,0.17403,27,27,0,0
969,0.17420,27,27,0,0
970,0.17437,27,27,0,0
971,0.17454,27,27,0,0
972,0.17471,27,27,0,0
973,0.17488,27,27,0,0
974,0.17505,27,27,0,0
975,0.17522,27,27,0,0
976,0.17539,27,27,0,0
977,0.17556,27,27,0,0
978,0.17573,26,26,0,0
979,0.17590,26,26,0,0
980,0.17607,26,26,0,0
981,0.17624,26,26,0,0
982,0.17641,26,26,0,0
983,0.17658,26,26,0,0
984,0.17675,26,26,0,0
985,0.17692,26,26,0,0
986,0.17709,25,25,0,0
987,0.17726,25,25,0,0
988,0.17743,25,25,0,0
989,0.17760,25,25,0,0
990,0.17777,25,25,0,0
991,0.17794,25,25,0,0
992,0.17811,25,25,0,0
993,0.17828,25,25,0,0
994,0.17845,25,25,0,0
995,0.17861,25,25,0,0
996,0.17878,25,25,0,0
997,0.17895,25,25,0,0
998,0.17912,25,25,0,0
999,0.17930,25,25,1,0
1000,0.17946,25,25,0,0
1001,0.17964,25,25,0,0
1002,0.17981,25,25,0,0
1003,0.17998,25,25,0,0
1004,0.18015,25,25,0,0
1005,0.18031,25,25,0,0
1006,0.18048,25,25,0,0
1007,0.18065,25,25,0,0
1008,0.18082,25,25,0,0
1009,0.18099,24,24,0,0
1010,0.18116,24,24,0,0
1011,0.18133,24,24,0,0
1012,0.18150,24,24,0,0
1013,0.18167,24,24,0,0
1014,0.18184,24,24,0,0
1015,0.18201,24,24,0,0
1016,0.18218,24,24,0,0
1017,0.18235,24,24,0,0
1018,0.18252,24,24,0,0
1019,0.18269,24,24,0,0
1020,0.18286,24,24,0,0
1021,0.18303,24,24,0,0
1022,0.18320,24,24,0,0
1023,0.18337,27,27,0,0
1024,0.18354,27,27,0,0
1025,0.18371,28,28,0,0
1026,0.18388,28,28,0,0
1027,0.18405,27,27,4,4
1028,0.18422,27,27,0,0
1029,0.18439,27,27,0,0
1030,0.18456,27,27,0,0
1031,0.18473,27,27,1,0
1032,0.18490,27,27,1,0
1033,0.18508,27,27,1,0
1034,0.18525,27,27,0,0
1035,0.18542,27,27,1,0
1036,0.18559,27,27,0,0
1037,0.18576,27,27,0,0
1038,0.18593,29,29,1,0
1039,0.18610,29,29,0,0
1040,0.18627,29,29,0,0
1041,0.18644,29,29,0,0
1042,0.18661,29,29,0,0
1043,0.18678,29,29,1,0
1044,0.18695,29,29,0,0
1045,0.18712,29,29,0,0
1046,0.18729,29,29,1,0
1047,0.18746,31,31,0,0
1048,0.18763,31,31,0,0
1049,0.18780,31,31,0,0
1050,0.18797,31,31,0,0
1051,0.18814,34,34,4,4
1052,0.18831,34,34,0,0
1053,0.18848,34,34,0,0
1054,0.18865,34,34,0,0
1055,0.18882,34,34,1,1
1056,0.18899,34,34,0,0
1057,0.18916,34,34,0,0
1058,0.18932,34,34,0,0
1059,0.18949,34,34,0,0
1060,0.18966,34,34,0,0
1061,0.18983,34,34,0,0
1062,0.19000,34,34,0,0
1063,0.19017,34,34,0,0
1064,0.19034,34,34,0,0
1065,0.19051,34,34,0,0
1066,0.19068,34,34,0,0
1067,0.19085,34,34,0,0
1068,0.19102,34,34,0,0
1069,0.19119,34,34,0,0
1070,0.19136,34,34,0,0
1071,0.19153,34,34,0,0
1072,0.19170,34,34,0,0
1073,0.19187,34,34,0,0
1074,0.19204,34,34,0,0
1075,0.19221,34,34,0,0
1076,0.19238,33,33,0,0
1077,0.19255,33,33,0,0
1078,0.19272,33,33,0,0
1079,0.19289,33,33,0,0
1080,0.19306,33,33,0,0
1081,0.19323,33,33,0,0
1082,0.19340,33,33,0,0
1083,0.19357,32,32,0,0
1084,0.19374,32,32,0,0
1085,0.19391,32,32,0,0
1086,0.19408,32,32,0,0
1087,0.19425,32,32,0,0
1088,0.19442,32,32,0,0
1089,0.19459,32,32,0,0
1090,0.19476,32,32,0,0
1091,0.19493,31,31,0,0
1092,0.19510,31,31,0,0
1093,0.19527,31,31,0,0
1094,0.19544,31,31,0,0
1095,0.19561,31,31,0,0
1096,0.19578,31,31,0,0
1097,0.19595,31,31,0,0
1098,0.19612,31,31,0,0
1099,0.19629,30,30,0,0
1100,0.19646,30,30,0,0
1101,0.19663,30,30,0,0
1102,0.19680,30,30,0,0
1103,0.19697,29,29,0,0
1104,0.19714,30,30,0,0
1105,0.19731,30,30,0,0
1106,0.19748,30,30,0,0
1107,0.19765,30,30,4,1
1108,0.19781,30,30,0,0
1109,0.19798,30,30,0,0
1110,0.19815,30,30,0,0
1111,0.19832,30,30,0,0
1112,0.19849,30,30,0,0
1113,0.19866,30,30,0,0
1114,0.19883,30,30,0,0
1115,0.19900,30,30,0,0
1116,0.19917,30,30,0,0
1117,0.19934,30,30,0,0
1118,0.19951,30,30,0,0
1119,0.19968,30,30,0,0
1120,0.19985,30,30,0,0
1121,0.20002,30,30,0,0
1122,0.20019,30,30,0,0
1123,0.20036,30,30,0,0
1124,0.20053,30,30,0,0
1125,0.20070,30,30,0,0
1126,0.20087,29,29,0,0
1127,0.20104,29,29,0,0
1128,0.20121,29,29,0,0
1129,0.20138,29,29,0,0
1130,0.20155,29,29,0,0
1131,0.20171,29,29,0,0
1132,0.20188,29,29,0,0
1133,0.20205,29,29,0,0
1134,0.20222,29,29,0,0
1135,0.20239,29,29,0,0
1136,0.20256,29,29,0,0
1137,0.20273,29,29,0,0
1138,0.20290,29,29,0,0
1139,0.20306,29,29,0,0
1140,0.20324,29,29,0,0
1141,0.20341,29,29,0,0
1142,0.20357,29,29,0,0
1143,0.20375,29,29,1,0
1144,0.20391,29,29,0,0
1145,0.20408,29,29,0,0
1146,0.20426,29,29,0,0
1147,0.20443,29,29,0,0
1148,0.20460,29,29,0,0
1149,0.20476,29,29,0,0
1150,0.20494,29,29,0,0
1151,0.20511,29,29,0,0
1152,0.20527,29,29,0,0
1153,0.20544,29,29,0,0
1154,0.20561,28,28,0,0
1155,0.20579,28,28,0,0
1156,0.20595,28,28,0,0
1157,0.20612,28,28,0,0
1158,0.20629,28,28,0,0
1159,0.20646,27,27,0,0
1160,0.20663,27,27,0,0
1161,0.20680,27,27,0,0
1162,0.20697,27,27,0,0
1163,0.20714,27,27,0,0
1164,0.20731,27,27,0,0
1165,0.20748,27,27,0,0
1166,0.20765,26,26,0,0
1167,0.20782,26,26,0,0
1168,0.20799,26,26,0,0
1169,0.20816,26,26,0,0
1170,0.20833,26,26,0,0
1171,0.20850,26,26,0,0
1172,0.20867,27,27,0,0
1173,0.20884,27,27,0,0
1174,0.20901,27,27,0,0
1175,0.20918,27,27,0,0
1176,0.20935,27,27,0,0
1177,0.20952,27,27,0,0
1178,0.20969,27,27,0,0
1179,0.20986,27,27,0,0
1180,0.21003,27,27,0,0
1181,0.21020,27,27,0,0
1182,0.21037,27,27,0,0
1183,0.21054,27,27,0,0
1184,0.21071,27,27,0,0
1185,0.21088,26,26,0,0
1186,0.21105,26,26,0,0
1187,0.21122,26,26,0,0
1188,0.21139,26,26,0,0
1189,0.21156,26,26,0,0
1190,0.21173,26,26,0,0
1191,0.21190,25,25,0,0
1192,0.21207,25,25,0,0
1193,0.21224,25,25,0,0
1194,0.21241,25,25,0,0
1195,0.21258,25,25,0,0
1196,0.21275,25,25,0,0
1197,0.21292,25,25,0,0
1198,0.21309,25,25,0,0
1199,0.21326,25,25,0,0
1200,0.21343,24,24,0,0
1201,0.21360,24,24,0,0
1202,0.21377,24,24,0,0
1203,0.21394,24,24,0,0
1204,0.21411,24,24,0,0
1205,0.21428,24,24,0,0
1206,0.21444,24,24,0,0
1207,0.21461,24,24,0,0
1208,0.21478,23,23,0,0
1209,0.21495,23,23,0,0
1210,0.21512,23,23,0,0
1211,0.21529,23,23,0,0
1212,0.21546,23,23,0,0
1213,0.21563,23,23,0,0
1214,0.21580,23,23,0,0
1215,0.21597,23,23,0,0
1216,0.21614,23,23,0,0
1217,0.21631,23,23,0,0
1218,0.21648,23,23,0,0
1219,0.21665,23,23,0,0
1220,0.21682,23,23,0,0
1221,0.21699,23,23,0,0
1222,0.21716,24,24,0,0
1223,0.21733,24,24,0,0
1224,0.21750,24,24,0,0
1225,0.21767,24,24,0,0
1226,0.21784,24,24,0,0
1227,0.21801,24,24,0,0
1228,0.21818,24,24,0,0
1229,0.21835,26,26,0,0
1230,0.21852,26,26,0,0
1231,0.21869,26,26,0,0
1232,0.21886,26,26,2,1
1233,0.21903,26,26,0,0
1234,0.21920,26,26,0,0
1235,0.21937,26,26,0,0
1236,0.21954,26,26,0,0
1237,0.21971,26,26,0,0
1238,0.21988,26,26,0,0
1239,0.22005,26,26,0,0
1240,0.22022,26,26,0,0
1241,0.22039,26,26,0,0
1242,0.22056,26,26,0,0
1243,0.22073,26,26,0,0
1244,0.22090,26,26,0,0
1245,0.22107,26,26,0,0
1246,0.22124,26,26,0,0
1247,0.22141,26,26,0,0
1248,0.22158,26,26,0,0
1249,0.22175,26,26,0,0
1250,0.22192,26,26,0,0
1251,0.22209,26,26,0,0
1252,0.22226,26,26,0,0
1253,0.22243,26,26,0,0
1254,0.22259,26,26,0,0
1255,0.22276,26,26,0,0
1256,0.22293,26,26,0,0
1257,0.22310,26,26,0,0
1258,0.22327,26,26,0,0
1259,0.22344,26,26,0,0
1260,0.22361,26,26,0,0
1261,0.22378,26,26,0,0
1262,0.22395,26,26,0,0
1263,0.22412,26,26,0,0
1264,0.22429,26,26,0,0
1265,0.22446,26,26,0,0
1266,0.22462,26,26,0,0
1267,0.22479,26,26,0,0
1268,0.22496,26,26,0,0
1269,0.22513,26,26,0,0
1270,0.22530,26,26,0,0
1271,0.22548,26,26,0,0
1272,0.22564,26,26,0,0
1273,0.22581,26,26,0,0
1274,0.22599,26,26,0,0
1275,0.22616,26,26,0,0
1276,0.22633,26,26,0,0
1277,0.22650,26,26,0,0
1278,0.22667,26,26,0,0
1279,0.22684,26,26,0,0
1280,0.22701,26,26,0,0
1281,0.22718,26,26,0,0
1282,0.22735,26,26,0,0
1283,0.22752,26,26,0,0
1284,0.22769,26,26,0,0
1285,0.22786,26,26,0,0
1286,0.22803,25,25,0,0
1287,0.22820,25,25,0,0
1288,0.22837,25,25,0,0
1289,0.22854,25,25,0,0
1290,0.22871,25,25,1,0
1291,0.22888,25,25,0,0
1292,0.22905,25,25,0,0
1293,0.22922,25,25,0,0
1294,0.22939,25,25,0,0
1295,0.22956,25,25,0,0
1296,0.22973,25,25,0,0
1297,0.22990,25,25,0,0
1298,0.23007,25,25,0,0
1299,0.23024,25,25,0,0
1300,0.23041,25,25,0,0
1301,0.23058,25,25,0,0
1302,0.23075,25,25,0,0
1303,0.23092,25,25,0,0
1304,0.23109,25,25,0,0
1305,0.23126,25,25,0,0
1306,0.23143,25,25,0,0
1307,0.23160,25,25,0,0
1308,0.23177,25,25,0,0
1309,0.23194,25,25,0,0
1310,0.23211,25,25,0,0
1311,0.23228,25,25,0,0
1312,0.23245,25,25,0,0
1313,0.23262,25,25,0,0
1314,0.23279,25,25,0,0
1315,0.23296,25,25,0,0
1316,0.23313,25,25,0,0
1317,0.23330,25,25,0,0
1318,0.23347,25,25,0,0
1319,0.23364,25,25,0,0
1320,0.23381,25,25,0,0
1321,0.23398,25,25,0,0
1322,0.23414,25,25,0,0
1323,0.23431,25,25,0,0
1324,0.23448,25,25,0,0
1325,0.23465,25,25,0,0
1326,0.23482,24,24,0,0
1327,0.23499,23,23,0,0
1328,0.23516,23,23,0,0
1329,0.23533,23,23,0,0
1330,0.23550,23,23,0,0
1331,0.23567,22,22,0,0
1332,0.23584,22,22,0,0
1333,0.23601,22,22,0,0
1334,0.23618,22,22,0,0
1335,0.23635,22,22,0,0
1336,0.23652,22,22,0,0
1337,0.23669,22,22,0,0
1338,0.23686,22,22,0,0
1339,0.23703,22,22,0,0
1340,0.23720,22,22,0,0
1341,0.23737,22,22,0,0
1342,0.23754,22,22,0,0
1343,0.23771,22,22,0,0
1344,0.23788,22,22,0,0
1345,0.23805,22,22,0,0
1346,0.23822,22,22,0,0
1347,0.23838,22,22,0,0
1348,0.23855,22,22,0,0
1349,0.23872,22,22,0,0
1350,0.23889,22,22,0,0
1351,0.23906,22,22,0,0
1352,0.23923,22,22,0,0
1353,0.23940,25,25,0,0
1354,0.23957,25,25,0,0
1355,0.23974,25,25,0,0
1356,0.23991,25,25,0,0
1357,0.24008,25,25,4,4
1358,0.24025,25,25,0,0
1359,0.24042,25,25,0,0
1360,0.24059,25,25,0,0
1361,0.24076,25,25,0,0
1362,0.24093,25,25,0,0
1363,0.24110,25,25,0,0
1364,0.24127,25,25,0,0
1365,0.24144,25,25,0,0
1366,0.24161,25,25,0,0
1367,0.24178,25,25,0,0
1368,0.24195,25,25,0,0
1369,0.24212,28,28,0,0
1370,0.24229,28,28,0,0
1371,0.24246,28,28,0,0
1372,0.24263,28,28,0,0
1373,0.24280,28,28,0,0
1374,0.24297,28,28,4,4
1375,0.24313,28,28,0,0
1376,0.24330,28,28,0,0
1377,0.24347,28,28,0,0
1378,0.24364,28,28,0,0
1379,0.24381,28,28,0,0
1380,0.24398,28,28,0,0
1381,0.24415,28,28,0,0
1382,0.24432,28,28,0,0
1383,0.24449,28,28,0,0
1384,0.24466,28,28,0,0
1385,0.24483,28,28,0,0
1386,0.24500,29,29,0,0
1387,0.24517,29,29,0,0
1388,0.24534,29,29,0,0
1389,0.24551,29,29,0,0
1390,0.24568,29,29,0,0
1391,0.24585,29,29,0,0
1392,0.24601,29,29,0,0
1393,0.24618,29,29,0,0
1394,0.24635,29,29,0,0
1395,0.24652,29,29,0,0
1396,0.24669,29,29,0,0
1397,0.24686,29,29,0,0
1398,0.24703,29,29,0,0
1399,0.24720,29,29,0,0
1400,0.24737,29,29,0,0
1401,0.24754,29,29,0,0
1402,0.24771,29,29,0,0
1403,0.24788,29,29,0,0
1404,0.24805,29,29,0,0
1405,0.24822,28,28,0,0
1406,0.24839,28,28,0,0
1407,0.24856,28,28,0,0
1408,0.24873,28,28,0,0
1409,0.24890,28,28,0,0
1410,0.24907,28,28,0,0
1411,0.24924,28,28,0,0
1412,0.24941,28,28,0,0
1413,0.24958,28,28,0,0
1414,0.24975,28,28,0,0
1415,0.24992,28,28,0,0
1416,0.25009,28,28,0,0
1417,0.25026,28,28,0,0
1418,0.25043,27,27,0,0
1419,0.25060,27,27,0,0
1420,0.25077,27,27,0,0
1421,0.25094,27,27,0,0
1422,0.25111,26,26,0,0
1423,0.25128,26,26,0,0
1424,0.25145,26,26,0,0
1425,0.25162,26,26,0,0
1426,0.25179,26,26,0,0
1427,0.25196,26,26,0,0
1428,0.25213,27,27,0,0
1429,0.25230,27,27,0,0
1430,0.25247,27,27,0,0
1431,0.25264,27,27,0,0
1432,0.25281,30,30,0,0
1433,0.25298,30,30,0,0
1434,0.25315,30,30,0,0
1435,0.25332,30,30,0,0
1436,0.25349,30,30,0,0
1437,0.25366,30,30,0,0
1438,0.25383,30,30,0,0
1439,0.25400,30,30,4,0
1440,0.25416,30,30,0,0
1441,0.25433,30,30,0,0
1442,0.25450,30,30,0,0
1443,0.25467,29,29,0,0
1444,0.25484,29,29,0,0
1445,0.25501,29,29,0,0
1446,0.25519,29,29,0,0
1447,0.25535,29,29,0,0
1448,0.25552,29,29,0,0
1449,0.25569,29,29,0,0
1450,0.25586,29,29,0,0
1451,0.25603,29,29,0,0
1452,0.25620,29,29,0,0
1453,0.25637,29,29,0,0
1454,0.25654,29,29,0,0
1455,0.25671,29,29,0,0
1456,0.25688,29,29,0,0
1457,0.25705,29,29,0,0
1458,0.25722,29,29,0,0
1459,0.25739,29,29,0,0
1460,0.25756,29,29,0,0
1461,0.25773,29,29,0,0
1462,0.25790,29,29,0,0
1463,0.25808,29,29,0,0
1464,0.25825,29,29,0,0
1465,0.25842,28,28,0,0
1466,0.25858,28,28,0,0
1467,0.25875,28,28,0,0
1468,0.25892,28,28,0,0
1469,0.25909,28,28,0,0
1470,0.25926,28,28,0,0
1471,0.25943,28,28,0,0
1472,0.25960,28,28,0,0
1473,0.25977,28,28,0,0
1474,0.25994,28,28,0,0
1475,0.26011,28,28,0,0
1476,0.26028,28,28,0,0
1477,0.26045,28,28,0,0
1478,0.26062,28,28,0,0
1479,0.26079,28,28,0,0
1480,0.26096,28,28,0,0
1481,0.26113,28,28,0,0
1482,0.26130,28,28,0,0
1483,0.26147,28,28,0,0
1484,0.26164,28,28,0,0
1485,0.26181,28,28,0,0
1486,0.26198,28,28,0,0
1487,0.26215,28,28,0,0
1488,0.26232,28,28,0,0
1489,0.26249,28,28,0,0
1490,0.26266,28,28,0,0
1491,0.26283,28,28,0,0
1492,0.26300,28,28,0,0
1493,0.26317,28,28,0,0
1494,0.26334,28,28,0,0
1495,0.26351,28,28,0,0
1496,0.26368,28,28,0,0
1497,0.26385,28,28,0,0
1498,0.26402,28,28,0,0
1499,0.26419,28,28,0,0
1500,0.26436,28,28,0,0
1501,0.26453,28,28,0,0
1502,0.26470,28,28,0,0
1503,0.26487,28,28,0,0
1504,0.26504,28,28,0,0
1505,0.26521,28,28,0,0
1506,0.26538,28,28,0,0
1507,0.26555,28,28,0,0
1508,0.26572,28,28,0,0
1509,0.26589,28,28,0,0
1510,0.26606,28,28,0,0
1511,0.26623,28,28,0,0
1512,0.26640,28,28,0,0
1513,0.26657,28,28,0,0
1514,0.26674,28,28,0,0
1515,0.26691,28,28,0,0
1516,0.26708,28,28,0,0
1517,0.26725,28,28,0,0
1518,0.26742,28,28,0,0
1519,0.26758,28,28,0,0
1520,0.26775,28,28,0,0
1521,0.26792,28,28,0,0
1522,0.26809,30,30,0,0
1523,0.26826,30,30,0,0
1524,0.26843,29,29,0,0
1525,0.26860,29,29,0,0
1526,0.26877,29,29,0,0
1527,0.26894,29,29,0,0
1528,0.26911,29,29,0,0
1529,0.26928,29,29,0,0
1530,0.26945,29,29,0,0
1531,0.26962,29,29,0,0
1532,0.26979,29,29,0,0
1533,0.26996,29,29,0,0
1534,0.27013,29,29,0,0
1535,0.27030,29,29,0,0
1536,0.27047,29,29,0,0
1537,0.27064,29,29,0,0
1538,0.27081,29,29,0,0
1539,0.27098,29,29,0,0
1540,0.27115,29,29,0,0
1541,0.27132,29,29,0,0
1542,0.27149,29,29,0,0
1543,0.27166,29,29,0,0
1544,0.27183,29,29,0,0
1545,0.27200,29,29,0,0
1546,0.27217,29,29,1,0
1547,0.27234,29,29,0,0
1548,0.27251,29,29,0,0
1549,0.27268,29,29,0,0
1550,0.27285,29,29,0,0
1551,0.27302,29,29,0,0
1552,0.27319,29,29,0,0
1553,0.27336,29,29,0,0
1554,0.27353,29,29,0,0
1555,0.27370,29,29,0,0
1556,0.27387,29,29,0,0
1557,0.27404,29,29,0,0
1558,0.27421,29,29,0,0
1559,0.27438,28,28,0,0
1560,0.27455,28,28,0,0
1561,0.27472,29,29,0,0
1562,0.27488,29,29,0,0
1563,0.27505,29,29,0,0
1564,0.27522,29,29,0,0
1565,0.27539,29,29,0,0
1566,0.27556,29,29,0,0
1567,0.27573,29,29,0,0
1568,0.27590,29,29,0,0
1569,0.27607,29,29,0,0
1570,0.27624,29,29,0,0
1571,0.27641,29,29,0,0
1572,0.27658,29,29,0,0
1573,0.27675,29,29,0,0
1574,0.27692,29,29,0,0
1575,0.27709,29,29,0,0
1576,0.27726,29,29,0,0
1577,0.27743,29,29,0,0
1578,0.27760,29,29,0,0
1579,0.27777,29,29,0,0
1580,0.27794,29,29,0,0
1581,0.27811,29,29,0,0
1582,0.27828,29,29,0,0
1583,0.27845,28,28,0,0
1584,0.27862,28,28,0,0
1585,0.27879,28,28,0,0
1586,0.27896,27,27,0,0
1587,0.27913,27,27,0,0
1588,0.27930,27,27,0,0
1589,0.27947,27,27,0,0
1590,0.27964,27,27,0,0
1591,0.27981,27,27,0,0
1592,0.27998,27,27,0,0
1593,0.28015,26,26,0,0
1594,0.28032,26,26,0,0
1595,0.28049,26,26,0,0
1596,0.28066,26,26,0,0
1597,0.28083,26,26,0,0
1598,0.28100,26,26,0,0
1599,0.28117,26,26,0,0
1600,0.28134,26,26,0,0
1601,0.28151,26,26,0,0
1602,0.28168,25,25,0,0
1603,0.28185,25,25,0,0
1604,0.28202,25,25,0,0
1605,0.28219,25,25,0,0
1606,0.28236,25,25,0,0
1607,0.28253,25,25,0,0
1608,0.28270,25,25,0,0
1609,0.28287,25,25,0,0
1610,0.28304,25,25,0,0
1611,0.28321,25,25,0,0
1612,0.28338,25,25,0,0
1613,0.28355,25,25,0,0
1614,0.28372,25,25,0,0
1615,0.28389,25,25,0,0
1616,0.28406,25,25,0,0
1617,0.28423,25,25,0,0
1618,0.28440,25,25,0,0
1619,0.28457,25,25,0,0
1620,0.28474,25,25,0,0
1621,0.28491,25,25,0,0
1622,0.28508,25,25,0,0
1623,0.28525,25,25,0,0
1624,0.28542,25,25,0,0
1625,0.28559,25,25,0,0
1626,0.28575,25,25,0,0
1627,0.28592,25,25,0,0
1628,0.28609,25,25,0,0
1629,0.28626,25,25,0,0
1630,0.28643,25,25,0,0
1631,0.28660,27,27,0,0
1632,0.28677,27,27,0,0
1633,0.28694,27,27,0,0
1634,0.28711,27,27,0,0
1635,0.28728,27,27,0,0
1636,0.28745,27,27,0,0
1637,0.28762,27,27,0,0
1638,0.28779,27,27,0,0
1639,0.28796,30,30,0,0
1640,0.28813,30,30,0,0
1641,0.28830,30,30,0,0
1642,0.28847,30,30,0,0
1643,0.28864,30,30,4,4
1644,0.28881,30,30,0,0
1645,0.28898,30,30,0,0
1646,0.28915,30,30,0,0
1647,0.28932,30,30,0,0
1648,0.28949,30,30,0,0
1649,0.28966,30,30,0,0
1650,0.28983,30,30,0,0
1651,0.29000,30,30,0,0
1652,0.29017,30,30,0,0
1653,0.29034,30,30,0,0
1654,0.29051,31,31,0,0
1655,0.29068,31,31,0,0
1656,0.29085,31,31,0,0
1657,0.29102,31,31,0,0
1658,0.29119,31,31,0,0
1659,0.29136,31,31,0,0
1660,0.29153,31,31,0,0
1661,0.29170,31,31,0,0
1662,0.29187,31,31,0,0
1663,0.29204,34,34,0,0
1664,0.29221,34,34,0,0
1665,0.29238,34,34,0,0
1666,0.29255,34,34,0,0
1667,0.29272,34,34,0,0
1668,0.29289,34,34,4,4
1669,0.29306,34,34,0,0
1670,0.29323,34,34,0,0
1671,0.29340,34,34,0,0
1672,0.29357,34,34,0,0
1673,0.29374,34,34,0,0
1674,0.29391,34,34,0,0
1675,0.29408,34,34,0,0
1676,0.29425,34,34,0,0
1677,0.29442,33,33,0,0
1678,0.29459,33,33,0,0
1679,0.29476,33,33,3,0
1680,0.29493,33,33,0,0
1681,0.29510,33,33,0,0
1682,0.29527,33,33,0,0
1683,0.29544,33,33,0,0
1684,0.29561,33,33,0,0
1685,0.29578,33,33,0,0
1686,0.29595,33,33,0,0
1687,0.29612,33,33,0,0
1688,0.29629,33,33,0,0
1689,0.29646,33,33,0,0
1690,0.29663,33,33,0,0
1691,0.29680,36,36,0,0
1692,0.29697,36,36,0,0
1693,0.29713,36,36,0,0
1694,0.29730,36,36,0,0
1695,0.29747,36,36,0,0
1696,0.29764,36,36,4,4
1697,0.29781,36,36,0,0
1698,0.29798,36,36,0,0
1699,0.29815,36,36,0,0
1700,0.29832,36,36,0,0
1701,0.29849,35,35,0,0
1702,0.29866,35,35,0,0
1703,0.29883,35,35,0,0
1704,0.29900,35,35,0,0
1705,0.29917,35,35,0,0
1706,0.29934,35,35,0,0
1707,0.29951,35,35,0,0
1708,0.29968,35,35,0,0
1709,0.29985,35,35,0,0
1710,0.30002,35,35,0,0
1711,0.30019,35,35,0,0
1712,0.30036,35,35,0,0
1713,0.30053,35,35,0,0
1714,0.30071,35,35,0,0
1715,0.30087,35,35,0,0
1716,0.30104,35,35,0,0
1717,0.30121,35,35,0,0
1718,0.30138,35,35,0,0
1719,0.30155,35,35,0,0
1720,0.30172,35,35,0,0
1721,0.30188,35,35,0,0
1722,0.30205,35,35,0,0
1723,0.30222,34,34,0,0
1724,0.30239,34,34,0,0
1725,0.30256,34,34,0,0
1726,0.30273,34,34,0,0
1727,0.30290,34,34,0,0
1728,0.30307,34,34,0,0
1729,0.30324,34,34,0,0
1730,0.30341,34,34,0,0
1731,0.30358,34,34,0,0
1732,0.30375,34,34,0,0
1733,0.30392,34,34,0,0
1734,0.30409,34,34,0,0
1735,0.30426,34,34,0,0
1736,0.30443,35,35,0,0
1737,0.30460,35,35,0,0
1738,0.30477,35,35,0,0
1739,0.30494,34,34,0,0
1740,0.30511,33,33,0,0
1741,0.30528,33,33,0,0
1742,0.30545,33,33,0,0
1743,0.30562,33,33,0,0
1744,0.30579,33,33,0,0
1745,0.30596,33,33,0,0
1746,0.30613,33,33,0,0
1747,0.30630,33,33,0,0
1748,0.30647,33,33,0,0
1749,0.30664,33,33,2,0
1750,0.30681,33,33,0,0
1751,0.30698,33,33,0,0
1752,0.30715,33,33,0,0
1753,0.30731,33,33,0,0
1754,0.30748,32,32,0,0
1755,0.30765,32,32,0,0
1756,0.30782,32,32,0,0
1757,0.30799,32,32,0,0
1758,0.30816,32,32,0,0
1759,0.30833,32,32,0,0
1760,0.30850,32,32,0,0
1761,0.30867,31,31,0,0
1762,0.30884,31,31,0,0
1763,0.30901,31,31,0,0
1764,0.30918,31,31,0,0
1765,0.30935,31,31,0,0
1766,0.30952,31,31,0,0
1767,0.30969,31,31,0,0
1768,0.30987,31,31,0,0
1769,0.31003,31,31,0,0
1770,0.31020,31,31,0,0
1771,0.31037,31,31,0,0
1772,0.31053,31,31,0,0
1773,0.31070,31,31,0,0
1774,0.31088,31,31,0,0
1775,0.31104,31,31,0,0
1776,0.31121,31,31,0,0
1777,0.31139,31,31,0,0
1778,0.31156,31,31,0,0
1779,0.31173,31,31,0,0
1780,0.31190,31,31,0,0
1781,0.31207,31,31,0,0
1782,0.31224,31,31,0,0
1783,0.31241,31,31,0,0
1784,0.31258,31,31,0,0
1785,0.31275,31,31,0,0
1786,0.31292,31,31,0,0
1787,0.31308,31,31,0,0
1788,0.31325,31,31,0,0
1789,0.31342,31,31,0,0
1790,0.31359,31,31,0,0
1791,0.31376,31,31,0,0
1792,0.31393,31,31,0,0
1793,0.31410,31,31,0,0
1794,0.31427,31,31,0,0
1795,0.31444,31,31,0,0
1796,0.31461,31,31,0,0
1797,0.31478,31,31,0,0
1798,0.31494,31,31,0,0
1799,0.31511,31,31,0,0
1800,0.31528,31,31,0,0
1801,0.31545,31,31,0,0
1802,0.31562,31,31,0,0
1803,0.31579,31,31,0,0
1804,0.31596,31,31,0,0
1805,0.31613,31,31,0,0
1806,0.31630,31,31,0,0
1807,0.31647,31,31,0,0
1808,0.31664,32,32,0,0
1809,0.31681,33,33,0,0
1810,0.31698,33,33,0,0
1811,0.31715,33,33,0,0
1812,0.31732,33,33,0,0
1813,0.31749,33,33,0,0
1814,0.31766,33,33,0,0
1815,0.31783,33,33,0,0
1816,0.31800,33,33,0,0
1817,0.31817,33,33,0,0
1818,0.31834,33,33,0,0
1819,0.31851,33,33,0,0
1820,0.31868,32,32,0,0
1821,0.31885,32,32,0,0
1822,0.31902,32,32,0,0
1823,0.31919,32,32,0,0
1824,0.31936,32,32,0,0
1825,0.31953,32,32,0,0
1826,0.31970,32,32,0,0
1827,0.31987,32,32,0,0
1828,0.32004,32,32,0,0
1829,0.32021,32,32,0,0
1830,0.32038,32,32,0,0
1831,0.32055,32,32,0,0
1832,0.32072,32,32,0,0
1833,0.32089,32,32,0,0
1834,0.32105,32,32,0,0
1835,0.32122,32,32,0,0
1836,0.32139,32,32,0,0
1837,0.32156,32,32,0,0
1838,0.32173,32,32,0,0
1839,0.32190,32,32,0,0
1840,0.32207,32,32,0,0
1841,0.32224,31,31,0,0
1842,0.32241,31,31,0,0
1843,0.32258,31,31,0,0
1844,0.32275,31,31,0,0
1845,0.32292,30,30,0,0
1846,0.32309,30,30,0,0
1847,0.32326,30,30,0,0
1848,0.32343,30,30,0,0
1849,0.32359,30,30,0,0
1850,0.32376,30,30,0,0
1851,0.32393,30,30,0,0
1852,0.32410,29,29,0,0
1853,0.32427,29,29,0,0
1854,0.32444,32,32,1,0
1855,0.32461,32,32,0,0
1856,0.32478,32,32,0,0
1857,0.32495,32,32,0,0
1858,0.32512,32,32,0,0
1859,0.32530,32,32,0,0
1860,0.32547,32,32,0,0
1861,0.32564,32,32,4,0
1862,0.32581,31,31,0,0
1863,0.32597,30,30,0,0
1864,0.32615,30,30,0,0
1865,0.32632,30,30,0,0
1866,0.32649,30,30,0,0
1867,0.32665,30,30,0,0
1868,0.32682,30,30,0,0
1869,0.32699,30,30,0,0
1870,0.32716,30,30,0,0
1871,0.32733,30,30,0,0
1872,0.32750,30,30,0,0
1873,0.32767,30,30,0,0
1874,0.32784,30,30,0,0
1875,0.32801,29,29,0,0
1876,0.32818,30,30,0,0
1877,0.32835,30,30,0,0
1878,0.32852,30,30,0,0
1879,0.32869,30,30,1,1
1880,0.32886,30,30,0,0
1881,0.32903,30,30,0,0
1882,0.32920,30,30,0,0
1883,0.32937,30,30,0,0
1884,0.32954,30,30,0,0
1885,0.32971,30,30,0,0
1886,0.32988,30,30,0,0
1887,0.33005,30,30,0,0
1888,0.33022,30,30,0,0
1889,0.33039,30,30,0,0
1890,0.33056,30,30,0,0
1891,0.33073,30,30,0,0
1892,0.33090,30,30,0,0
1893,0.33107,29,29,0,0
1894,0.33124,29,29,0,0
1895,0.33141,29,29,0,0
1896,0.33158,29,29,0,0
1897,0.33175,29,29,0,0
1898,0.33192,29,29,0,0
1899,0.33209,29,29,0,0
1900,0.33226,29,29,0,0
1901,0.33243,29,29,0,0
1902,0.33260,29,29,0,0
1903,0.33277,32,32,0,0
1904,0.33294,32,32,0,0
1905,0.33311,32,32,0,0
1906,0.33328,32,32,0,0
1907,0.33345,32,32,4,4
1908,0.33361,32,32,0,0
1909,0.33378,32,32,0,0
1910,0.33395,32,32,0,0
1911,0.33412,32,32,0,0
1912,0.33429,32,32,0,0
1913,0.33446,32,32,0,0
1914,0.33464,32,32,0,0
1915,0.33481,33,33,0,0
1916,0.33498,33,33,0,0
1917,0.33515,33,33,0,0
1918,0.33532,33,33,0,0
1919,0.33549,33,33,0,0
1920,0.33566,33,33,0,0
1921,0.33583,33,33,0,0
1922,0.33600,32,32,0,0
1923,0.33617,32,32,0,0
1924,0.33634,32,32,0,0
1925,0.33651,33,33,0,0
1926,0.33668,33,33,0,0
1927,0.33685,33,33,0,0
1928,0.33702,33,33,0,0
1929,0.33719,33,33,0,0
1930,0.33736,33,33,0,0
1931,0.33753,33,33,0,0
1932,0.33770,33,33,0,0
1933,0.33787,33,33,0,0
1934,0.33804,33,33,0,0
1935,0.33821,33,33,0,0
1936,0.33838,35,35,0,0
1937,0.33855,35,35,0,0
1938,0.33872,35,35,0,0
1939,0.33889,35,35,0,0
1940,0.33906,35,35,4,4
1941,0.33923,35,35,0,0
1942,0.33940,35,35,0,0
1943,0.33957,35,35,0,0
1944,0.33974,35,35,0,0
1945,0.33991,35,35,0,0
1946,0.34008,35,35,0,0
1947,0.34025,35,35,0,0
1948,0.34042,35,35,0,0
1949,0.34059,35,35,0,0
1950,0.34076,35,35,0,0
1951,0.34093,35,35,0,0
1952,0.34110,35,35,0,0
1953,0.34127,36,36,0,0
1954,0.34144,36,36,0,0
1955,0.34161,36,36,0,0
1956,0.34178,36,36,0,0
1957,0.34195,36,36,0,0
1958,0.34212,36,36,0,0
1959,0.34229,36,36,0,0
1960,0.34246,35,35,0,0
1961,0.34263,35,35,0,0
1962,0.34280,35,35,0,0
1963,0.34297,35,35,0,0
1964,0.34314,35,35,0,0
1965,0.34331,35,35,0,0
1966,0.34348,35,35,0,0
1967,0.34365,35,35,0,0
1968,0.34382,35,35,0,0
1969,0.34399,35,35,0,0
1970,0.34416,35,35,0,0
1971,0.34433,35,35,0,0
1972,0.34449,35,35,0,0
1973,0.34466,35,35,0,0
1974,0.34483,36,36,0,0
1975,0.34500,36,36,0,0
1976,0.34517,36,36,0,0
1977,0.34534,36,36,0,0
1978,0.34551,36,36,0,0
1979,0.34568,36,36,0,0
1980,0.34585,36,36,0,0
1981,0.34602,36,36,0,0
1982,0.34619,35,35,0,0
1983,0.34636,35,35,0,0
1984,0.34653,35,35,0,0
1985,0.34670,35,35,0,0
1986,0.34687,35,35,0,0
1987,0.34704,35,35,0,0
1988,0.34721,35,35,0,0
1989,0.34738,35,35,0,0
1990,0.34755,35,35,0,0
1991,0.34772,35,35,0,0
1992,0.34789,35,35,0,0
1993,0.34806,35,35,0,0
1994,0.34823,35,35,0,0
1995,0.34840,35,35,0,0
1996,0.34857,35,35,0,0
1997,0.34874,35,35,0,0
1998,0.34891,35,35,0,0
1999,0.34908,35,35,0,0
2000,0.34925,35,35,0,0
2001,0.34942,35,35,0,0
2002,0.34959,35,35,0,0
2003,0.34976,34,34,0,0
2004,0.34993,34,34,0,0
2005,0.35010,34,34,0,0
2006,0.35027,34,34,0,0
2007,0.35044,34,34,0,0
2008,0.35061,34,34,0,0
2009,0.35078,34,34,0,0
2010,0.35095,34,34,0,0
2011,0.35112,34,34,0,0
2012,0.35129,34,34,0,0
2013,0.35146,34,34,0,0
2014,0.35163,33,33,0,0
2015,0.35180,33,33,0,0
2016,0.35197,33,33,0,0
2017,0.35214,33,33,0,0
2018,0.35231,33,33,0,0
2019,0.35248,33,33,0,0
2020,0.35265,33,33,0,0
2021,0.35282,33,33,0,0
2022,0.35299,33,33,0,0
2023,0.35316,33,33,0,0
2024,0.35333,33,33,0,0
2025,0.35350,33,33,0,0
2026,0.35367,33,33,0,0
2027,0.35384,33,33,0,0
2028,0.35401,33,33,0,0
2029,0.35418,33,33,0,0
2030,0.35435,33,33,0,0
2031,0.35452,33,33,0,0
2032,0.35468,33,33,0,0
2033,0.35485,33,33,0,0
2034,0.35503,33,33,0,0
2035,0.35520,33,33,0,0
2036,0.35537,33,33,0,0
2037,0.35553,33,33,0,0
2038,0.35570,33,33,0,0
2039,0.35587,33,33,0,0
2040,0.35604,33,33,0,0
2041,0.35621,33,33,0,0
2042,0.35638,33,33,0,0
2043,0.35655,33,33,0,0
2044,0.35672,33,33,0,0
2045,0.35689,33,33,0,0
2046,0.35706,33,33,0,0
2047,0.35723,33,33,0,0
2048,0.35740,33,33,0,0
2049,0.35757,33,33,0,0
2050,0.35774,33,33,0,0
2051,0.35791,33,33,0,0
2052,0.35808,33,33,0,0
2053,0.35825,33,33,0,0
2054,0.35842,33,33,0,0
2055,0.35859,33,33,0,0
2056,0.35876,33,33,0,0
2057,0.35893,33,33,0,0
2058,0.35910,33,33,0,0
2059,0.35927,33,33,0,0
2060,0.35944,33,33,0,0
2061,0.35961,33,33,0,0
2062,0.35978,33,33,0,0
2063,0.35995,33,33,0,0
2064,0.36011,33,33,0,0
2065,0.36029,33,33,0,0
2066,0.36046,33,33,0,0
2067,0.36063,33,33,0,0
2068,0.36079,33,33,0,0
2069,0.36096,33,33,0,0
2070,0.36113,33,33,0,0
2071,0.36130,33,33,2,0
2072,0.36147,33,33,0,0
2073,0.36164,34,34,0,0
2074,0.36181,34,34,0,0
2075,0.36198,34,34,0,0
2076,0.36215,34,34,0,0
2077,0.36232,34,34,0,0
2078,0.36249,34,34,0,0
2079,0.36266,34,34,0,0
2080,0.36283,34,34,0,0
2081,0.36300,34,34,0,0
2082,0.36317,34,34,0,0
2083,0.36334,34,34,0,0
2084,0.36351,34,34,0,0
2085,0.36368,34,34,0,0
2086,0.36385,34,34,0,0
2087,0.36402,34,34,0,0
2088,0.36419,34,34,0,0
2089,0.36436,34,34,0,0
2090,0.36453,34,34,0,0
2091,0.36470,34,34,0,0
2092,0.36487,34,34,2,0
2093,0.36504,34,34,0,0
2094,0.36521,34,34,0,0
2095,0.36538,34,34,0,0
2096,0.36555,34,34,0,0
2097,0.36572,34,34,0,0
2098,0.36589,34,34,0,0
2099,0.36606,34,34,0,0
2100,0.36623,33,33,0,0
2101,0.36640,33,33,0,0
2102,0.36657,33,33,0,0
2103,0.36674,33,33,0,0
2104,0.36691,33,33,0,0
2105,0.36708,32,32,0,0
2106,0.36725,32,32,0,0
2107,0.36742,32,32,0,0
2108,0.36759,32,32,0,0
2109,0.36776,32,32,0,0
2110,0.36793,32,32,0,0
2111,0.36810,31,31,0,0
2112,0.36827,31,31,0,0
2113,0.36844,31,31,0,0
2114,0.36861,31,31,0,0
2115,0.36878,31,31,0,0
2116,0.36895,31,31,0,0
2117,0.36912,31,31,0,0
2118,0.36929,31,31,0,0
2119,0.36946,31,31,0,0
2120,0.36963,31,31,0,0
2121,0.36980,31,31,0,0
2122,0.36997,30,30,0,0
2123,0.37014,30,30,0,0
2124,0.37031,30,30,0,0
2125,0.37048,30,30,0,0
2126,0.37065,30,30,0,0
2127,0.37082,30,30,0,0
2128,0.37099,31,31,0,0
2129,0.37116,31,31,0,0
2130,0.37133,31,31,0,0
2131,0.37150,31,31,0,0
2132,0.37167,31,31,0,0
2133,0.37184,31,31,0,0
2134,0.37201,31,31,0,0
2135,0.37218,31,31,0,0
2136,0.37235,31,31,0,0
2137,0.37252,31,31,0,0
2138,0.37269,31,31,0,0
2139,0.37286,31,31,0,0
2140,0.37303,31,31,0,0
2141,0.37320,31,31,0,0
2142,0.37337,31,31,0,0
2143,0.37354,31,31,0,0
2144,0.37371,31,31,0,0
2145,0.37388,31,31,0,0
2146,0.37405,31,31,0,0
2147,0.37422,31,31,0,0
2148,0.37439,31,31,0,0
2149,0.37456,30,30,0,0
2150,0.37473,30,30,0,0
2151,0.37489,30,30,0,0
2152,0.37506,30,30,0,0
2153,0.37524,30,30,0,0
2154,0.37541,30,30,0,0
2155,0.37558,30,30,0,0
2156,0.37575,30,30,0,0
2157,0.37592,30,30,0,0
2158,0.37609,30,30,0,0
2159,0.37626,30,30,0,0
2160,0.37643,31,31,0,0
2161,0.37660,31,31,0,0
2162,0.37677,31,31,0,0
2163,0.37694,31,31,0,0
2164,0.37711,31,31,0,0
2165,0.37728,31,31,0,0
2166,0.37745,31,31,0,0
2167,0.37762,31,31,0,0
2168,0.37779,31,31,0,0
2169,0.37796,31,31,0,0
2170,0.37813,31,31,0,0
2171,0.37830,31,31,0,0
2172,0.37847,31,31,0,0
2173,0.37864,31,31,0,0
2174,0.37881,31,31,0,0
2175,0.37898,31,31,0,0
2176,0.37915,31,31,0,0
2177,0.37932,31,31,0,0
2178,0.37949,34,34,0,0
2179,0.37966,34,34,0,0
2180,0.37983,34,34,0,0
2181,0.37999,34,34,0,0
2182,0.38016,34,34,0,0
2183,0.38033,34,34,0,0
2184,0.38050,34,34,4,0
2185,0.38067,34,34,0,0
2186,0.38084,34,34,0,0
2187,0.38101,34,34,0,0
2188,0.38118,34,34,0,0
2189,0.38135,34,34,0,0
2190,0.38152,34,34,0,0
2191,0.38169,34,34,0,0
2192,0.38186,34,34,0,0
2193,0.38203,34,34,0,0
2194,0.38220,34,34,0,0
2195,0.38237,34,34,0,0
2196,0.38254,33,33,0,0
2197,0.38271,33,33,0,0
2198,0.38288,33,33,0,0
2199,0.38305,33,33,0,0
2200,0.38322,35,35,0,0
2201,0.38339,35,35,0,0
2202,0.38356,35,35,0,0
2203,0.38373,34,34,0,0
2204,0.38390,34,34,0,0
2205,0.38407,34,34,0,0
2206,0.38424,34,34,0,0
2207,0.38441,34,34,0,0
2208,0.38458,34,34,0,0
2209,0.38475,34,34,0,0
2210,0.38492,34,34,0,0
2211,0.38509,34,34,0,0
2212,0.38526,34,34,0,0
2213,0.38543,34,34,0,0
2214,0.38560,34,34,0,0
2215,0.38577,34,34,0,0
2216,0.38594,34,34,0,0
2217,0.38611,34,34,0,0
2218,0.38628,34,34,0,0
2219,0.38645,34,34,0,0
2220,0.38662,34,34,0,0
2221,0.38679,34,34,0,0
2222,0.38696,34,34,0,0
2223,0.38713,34,34,0,0
2224,0.38730,34,34,0,0
2225,0.38746,34,34,0,0
2226,0.38763,34,34,0,0
2227,0.38780,33,33,0,0
2228,0.38797,33,33,0,0
2229,0.38814,33,33,0,0
2230,0.38831,33,33,0,0
2231,0.38848,33,33,0,0
2232,0.38865,33,33,0,0
2233,0.38882,33,33,0,0
2234,0.38899,33,33,0,0
2235,0.38916,33,33,0,0
2236,0.38933,33,33,0,0
2237,0.38950,33,33,0,0
2238,0.38967,33,33,0,0
2239,0.38984,33,33,0,0
2240,0.39001,33,33,0,0
2241,0.39018,32,32,0,0
2242,0.39035,32,32,0,0
2243,0.39052,32,32,0,0
2244,0.39069,32,32,0,0
2245,0.39086,32,32,0,0
2246,0.39103,32,32,0,0
2247,0.39120,32,32,0,0
2248,0.39137,32,32,0,0
2249,0.39154,32,32,0,0
2250,0.39171,32,32,0,0
2251,0.39188,32,32,0,0
2252,0.39205,32,32,0,0
2253,0.39222,32,32,0,0
2254,0.39239,32,32,0,0
2255,0.39256,32,32,0,0
2256,0.39273,32,32,0,0
2257,0.39290,32,32,0,0
2258,0.39307,31,31,0,0
2259,0.39324,31,31,0,0
2260,0.39341,31,31,0,0
2261,0.39358,31,31,0,0
2262,0.39375,31,31,0,0
2263,0.39392,30,30,0,0
2264,0.39409,30,30,0,0
2265,0.39426,30,30,0,0
2266,0.39443,30,30,0,0
2267,0.39460,30,30,0,0
2268,0.39477,30,30,0,0
2269,0.39494,30,30,0,0
2270,0.39511,30,30,0,0
2271,0.39527,29,29,0,0
2272,0.39544,29,29,0,0
2273,0.39562,28,28,0,0
2274,0.39579,28,28,0,0
2275,0.39596,28,28,0,0
2276,0.39613,28,28,0,0
2277,0.39629,28,28,0,0
2278,0.39646,28,28,1,0
2279,0.39663,28,28,0,0
2280,0.39680,28,28,0,0
2281,0.39697,28,28,0,0
2282,0.39714,28,28,0,0
2283,0.39731,28,28,0,0
2284,0.39748,27,27,0,0
2285,0.39765,27,27,0,0
2286,0.39783,27,27,0,0
2287,0.39800,26,26,0,0
2288,0.39816,26,26,0,0
2289,0.39833,26,26,0,0
2290,0.39851,26,26,0,0
2291,0.39868,26,26,0,0
2292,0.39885,26,26,0,0
2293,0.39902,26,26,0,0
2294,0.39919,26,26,0,0
2295,0.39935,26,26,0,0
2296,0.39952,26,26,0,0
2297,0.39969,26,26,0,0
2298,0.39986,26,26,0,0
2299,0.40003,26,26,0,0
2300,0.40020,26,26,0,0
2301,0.40037,26,26,0,0
2302,0.40054,26,26,0,0
2303,0.40071,26,26,0,0
2304,0.40088,26,26,0,0
2305,0.40105,26,26,0,0
2306,0.40122,26,26,0,0
2307,0.40139,26,26,0,0
2308,0.40156,26,26,0,0
2309,0.40173,26,26,0,0
2310,0.40190,26,26,0,0
2311,0.40207,26,26,0,0
2312,0.40224,26,26,0,0
2313,0.40241,26,26,0,0
2314,0.40258,26,26,0,0
2315,0.40275,26,26,0,0
2316,0.40292,26,26,0,0
2317,0.40309,26,26,0,0
2318,0.40326,26,26,0,0
2319,0.40343,26,26,0,0
2320,0.40360,26,26,0,0
2321,0.40377,26,26,0,0
2322,0.40394,26,26,0,0
2323,0.40411,26,26,0,0
2324,0.40428,26,26,0,0
2325,0.40445,26,26,0,0
2326,0.40462,26,26,0,0
2327,0.40479,26,26,0,0
2328,0.40496,26,26,0,0
2329,0.40513,26,26,0,0
2330,0.40530,26,26,0,0
2331,0.40547,26,26,0,0
2332,0.40564,26,26,0,0
2333,0.40581,26,26,0,0
2334,0.40598,26,26,0,0
2335,0.40615,26,26,0,0
2336,0.40632,26,26,0,0
2337,0.40649,26,26,0,0
2338,0.40666,26,26,0,0
2339,0.40683,26,26,0,0
2340,0.40700,28,28,0,0
2341,0.40717,28,28,0,0
2342,0.40734,28,28,0,0
2343,0.40751,28,28,0,0
2344,0.40768,28,28,0,0
2345,0.40785,28,28,0,0
2346,0.40802,28,28,0,0
2347,0.40819,28,28,0,0
2348,0.40836,28,28,0,0
2349,0.40853,28,28,0,0
2350,0.40870,28,28,0,0
2351,0.40887,28,28,0,0
2352,0.40903,28,28,0,0
2353,0.40921,28,28,0,0
2354,0.40938,28,28,0,0
2355,0.40955,28,28,0,0
2356,0.40972,28,28,0,0
2357,0.40989,28,28,0,0
2358,0.41006,28,28,0,0
2359,0.41022,28,28,0,0
2360,0.41039,28,28,0,0
2361,0.41056,28,28,0,0
2362,0.41073,28,28,0,0
2363,0.41090,28,28,0,0
2364,0.41107,28,28,0,0
2365,0.41124,28,28,0,0
2366,0.41141,28,28,0,0
2367,0.41158,28,28,0,0
2368,0.41175,28,28,0,0
2369,0.41192,28,28,0,0
2370,0.41209,28,28,0,0
2371,0.41225,28,28,0,0
2372,0.41242,28,28,0,0
2373,0.41259,28,28,0,0
2374,0.41276,28,28,0,0
2375,0.41293,28,28,0,0
2376,0.41310,28,28,0,0
2377,0.41327,28,28,0,0
2378,0.41344,28,28,0,0
2379,0.41361,28,28,0,0
2380,0.41378,28,28,0,0
2381,0.41395,28,28,0,0
2382,0.41412,27,27,0,0
2383,0.41429,27,27,0,0
2384,0.41446,27,27,0,0
2385,0.41463,27,27,0,0
2386,0.41480,27,27,0,0
2387,0.41497,27,27,0,0
2388,0.41514,27,27,0,0
2389,0.41530,27,27,0,0
2390,0.41547,27,27,0,0
2391,0.41564,27,27,0,0
2392,0.41581,27,27,0,0
2393,0.41598,27,27,0,0
2394,0.41615,27,27,0,0
2395,0.41632,27,27,0,0
2396,0.41649,27,27,0,0
2397,0.41666,27,27,0,0
2398,0.41683,27,27,0,0
2399,0.41700,27,27,0,0
2400,0.41717,27,27,0,0
2401,0.41734,27,27,0,0
2402,0.41751,27,27,0,0
2403,0.41768,27,27,0,0
2404,0.41785,26,26,0,0
2405,0.41802,26,26,0,0
2406,0.41819,26,26,0,0
2407,0.41836,26,26,0,0
2408,0.41853,26,26,0,0
2409,0.41870,26,26,0,0
2410,0.41887,26,26,0,0
2411,0.41904,26,26,0,0
2412,0.41921,26,26,0,0
2413,0.41938,26,26,0,0
2414,0.41955,26,26,0,0
2415,0.41972,26,26,0,0
2416,0.41989,26,26,0,0
2417,0.42006,26,26,0,0
2418,0.42023,26,26,0,0
2419,0.42040,26,26,0,0
2420,0.42057,26,26,0,0
2421,0.42074,26,26,0,0
2422,0.42091,26,26,0,0
2423,0.42108,26,26,0,0
2424,0.42125,26,26,0,0
2425,0.42142,25,25,0,0
2426,0.42159,25,25,0,0
2427,0.42176,25,25,0,0
2428,0.42193,25,25,0,0
2429,0.42210,25,25,0,0
2430,0.42227,25,25,0,0
2431,0.42244,25,25,0,0
2432,0.42262,25,25,0,0
2433,0.42279,25,25,0,0
2434,0.42296,25,25,0,0
2435,0.42313,25,25,0,0
2436,0.42330,25,25,0,0
2437,0.42347,25,25,0,0
2438,0.42364,25,25,0,0
2439,0.42380,25,25,0,0
2440,0.42397,25,25,0,0
2441,0.42414,24,24,0,0
2442,0.42431,24,24,0,0
2443,0.42448,24,24,0,0
2444,0.42465,24,24,0,0
2445,0.42482,24,24,0,0
2446,0.42499,24,24,0,0
2447,0.42516,24,24,0,0
2448,0.42533,24,24,0,0
2449,0.42550,23,23,0,0
2450,0.42567,23,23,0,0
2451,0.42584,23,23,0,0
2452,0.42601,23,23,0,0
2453,0.42618,23,23,0,0
2454,0.42635,23,23,0,0
2455,0.42652,26,26,0,0
2456,0.42669,25,25,0,0
2457,0.42686,25,25,0,0
2458,0.42703,25,25,1,0
2459,0.42720,25,25,0,0
2460,0.42737,25,25,4,4
2461,0.42754,25,25,0,0
2462,0.42771,28,28,0,0
2463,0.42788,28,28,0,0
2464,0.42805,28,28,0,0
2465,0.42821,28,28,0,0
2466,0.42838,28,28,4,4
2467,0.42855,28,28,0,0
2468,0.42872,28,28,0,0
2469,0.42889,28,28,0,0
2470,0.42906,28,28,0,0
2471,0.42923,28,28,0,0
2472,0.42940,28,28,0,0
2473,0.42957,28,28,0,0
2474,0.42975,28,28,0,0
2475,0.42992,28,28,0,0
2476,0.43009,28,28,0,0
2477,0.43026,28,28,0,0
2478,0.43043,28,28,0,0
2479,0.43060,28,28,0,0
2480,0.43077,28,28,0,0
2481,0.43094,30,30,0,0
2482,0.43111,30,30,0,0
2483,0.43128,30,30,0,0
2484,0.43145,31,31,0,0
2485,0.43162,30,30,0,0
2486,0.43179,30,30,0,0
2487,0.43196,30,30,0,0
2488,0.43213,30,30,0,0
2489,0.43230,30,30,0,0
2490,0.43247,30,30,0,0
2491,0.43264,30,30,0,0
2492,0.43281,30,30,0,0
2493,0.43298,30,30,0,0
2494,0.43315,30,30,0,0
2495,0.43332,30,30,0,0
2496,0.43349,30,30,0,0
2497,0.43366,30,30,0,0
2498,0.43383,30,30,0,0
2499,0.43400,30,30,0,0
2500,0.43417,30,30,0,0
2501,0.43434,30,30,0,0
2502,0.43451,30,30,0,0
2503,0.43468,30,30,0,0
2504,0.43485,30,30,0,0
2505,0.43502,30,30,0,0
2506,0.43519,30,30,0,0
2507,0.43536,30,30,0,0
2508,0.43553,30,30,0,0
2509,0.43570,33,33,0,0
2510,0.43587,33,33,0,0
2511,0.43604,33,33,0,0
2512,0.43621,33,33,0,0
2513,0.43638,33,33,0,0
2514,0.43655,33,33,4,4
2515,0.43672,33,33,0,0
2516,0.43689,33,33,0,0
2517,0.43706,33,33,0,0
2518,0.43723,33,33,0,0
2519,0.43740,33,33,0,0
2520,0.43757,33,33,0,0
2521,0.43774,33,33,0,0
2522,0.43791,33,33,0,0
2523,0.43808,32,32,0,0
2524,0.43824,32,32,0,0
2525,0.43841,32,32,0,0
2526,0.43858,31,31,0,0
2527,0.43875,31,31,0,0
2528,0.43892,31,31,0,0
2529,0.43909,31,31,0,0
2530,0.43926,31,31,0,0
2531,0.43943,31,31,0,0
2532,0.43960,31,31,0,0
2533,0.43977,31,31,0,0
2534,0.43994,31,31,0,0
2535,0.44011,31,31,0,0
2536,0.44028,31,31,0,0
2537,0.44045,31,31,0,0
2538,0.44062,31,31,0,0
2539,0.44079,31,31,0,0
2540,0.44096,31,31,0,0
2541,0.44113,31,31,0,0
2542,0.44130,31,31,0,0
2543,0.44147,31,31,0,0
2544,0.44164,31,31,0,0
2545,0.44181,30,30,0,0
2546,0.44198,30,30,0,0
2547,0.44215,29,29,0,0
2548,0.44232,29,29,0,0
2549,0.44249,29,29,0,0
2550,0.44266,29,29,0,0
2551,0.44283,29,29,0,0
2552,0.44300,30,30,0,0
2553,0.44317,30,30,0,0
2554,0.44333,30,30,0,0
2555,0.44351,30,30,0,0
2556,0.44368,30,30,0,0
2557,0.44385,30,30,0,0
2558,0.44402,30,30,0,0
2559,0.44418,30,30,0,0
2560,0.44435,30,30,0,0
2561,0.44453,29,29,0,0
2562,0.44469,29,29,0,0
2563,0.44486,29,29,0,0
2564,0.44503,29,29,0,0
2565,0.44520,29,29,0,0
2566,0.44537,29,29,0,0
2567,0.44554,29,29,0,0
2568,0.44571,29,29,0,0
2569,0.44588,29,29,0,0
2570,0.44605,29,29,0,0
2571,0.44622,29,29,0,0
2572,0.44639,29,29,0,0
2573,0.44656,29,29,0,0
2574,0.44673,29,29,0,0
2575,0.44690,29,29,0,0
2576,0.44707,29,29,0,0
2577,0.44724,29,29,0,0
2578,0.44741,29,29,0,0
2579,0.44757,29,29,0,0
2580,0.44775,29,29,0,0
2581,0.44792,29,29,0,0
2582,0.44809,30,30,0,0
2583,0.44825,30,30,0,0
2584,0.44842,30,30,0,0
2585,0.44859,30,30,0,0
2586,0.44876,30,30,0,0
2587,0.44893,30,30,0,0
2588,0.44910,30,30,0,0
2589,0.44927,30,30,0,0
2590,0.44944,30,30,0,0
2591,0.44961,30,30,0,0
2592,0.44978,30,30,0,0
2593,0.44995,30,30,0,0
2594,0.45012,29,29,0,0
2595,0.45029,29,29,0,0
2596,0.45046,29,29,0,0
2597,0.45063,29,29,0,0
2598,0.45080,29,29,0,0
2599,0.45097,29,29,0,0
2600,0.45114,29,29,0,0
2601,0.45131,29,29,0,0
2602,0.45148,29,29,2,0
2603,0.45165,29,29,0,0
2604,0.45182,29,29,0,0
2605,0.45198,29,29,0,0
2606,0.45215,29,29,0,0
2607,0.45232,29,29,0,0
2608,0.45249,29,29,0,0
2609,0.45266,29,29,0,0
2610,0.45283,29,29,0,0
2611,0.45300,30,30,0,0
2612,0.45317,30,30,0,0
2613,0.45334,30,30,0,0
2614,0.45351,30,30,0,0
2615,0.45368,30,30,0,0
2616,0.45385,30,30,0,0
2617,0.45402,30,30,0,0
2618,0.45419,30,30,0,0
2619,0.45436,30,30,0,0
2620,0.45453,30,30,0,0
2621,0.45470,30,30,0,0
2622,0.45487,30,30,0,0
2623,0.45504,30,30,0,0
2624,0.45521,29,29,0,0
2625,0.45537,29,29,0,0
2626,0.45555,29,29,0,0
2627,0.45571,29,29,0,0
2628,0.45588,29,29,0,0
2629,0.45605,29,29,0,0
2630,0.45622,29,29,0,0
2631,0.45639,28,28,0,0
2632,0.45656,28,28,0,0
2633,0.45673,28,28,0,0
2634,0.45690,28,28,0,0
2635,0.45707,28,28,0,0
2636,0.45725,28,28,0,0
2637,0.45741,28,28,0,0
2638,0.45759,28,28,0,0
2639,0.45776,28,28,0,0
2640,0.45793,28,28,0,0
2641,0.45810,28,28,0,0
2642,0.45827,28,28,0,0
2643,0.45844,28,28,0,0
2644,0.45860,28,28,0,0
2645,0.45878,28,28,0,0
2646,0.45895,28,28,0,0
2647,0.45912,28,28,0,0
2648,0.45929,28,28,0,0
2649,0.45946,28,28,0,0
2650,0.45963,28,28,0,0
2651,0.45980,28,28,0,0
2652,0.45997,28,28,0,0
2653,0.46014,28,28,0,0
2654,0.46031,28,28,0,0
2655,0.46048,28,28,0,0
2656,0.46065,28,28,0,0
2657,0.46082,28,28,0,0
2658,0.46099,28,28,0,0
2659,0.46116,28,28,0,0
2660,0.46133,28,28,0,0
2661,0.46150,28,28,0,0
2662,0.46167,28,28,0,0
2663,0.46184,28,28,0,0
2664,0.46201,27,27,0,0
2665,0.46218,27,27,0,0
2666,0.46235,27,27,0,0
2667,0.46252,27,27,0,0
2668,0.46269,27,27,0,0
2669,0.46286,27,27,0,0
2670,0.46303,27,27,1,0
2671,0.46320,27,27,0,0
2672,0.46337,27,27,0,0
2673,0.46354,28,28,0,0
2674,0.46371,28,28,0,0
2675,0.46388,28,28,0,0
2676,0.46405,28,28,0,0
2677,0.46422,28,28,0,0
2678,0.46439,28,28,0,0
2679,0.46456,28,28,0,0
2680,0.46473,28,28,0,0
2681,0.46490,28,28,0,0
2682,0.46507,28,28,0,0
2683,0.46524,28,28,0,0
2684,0.46541,28,28,0,0
2685,0.46558,28,28,0,0
2686,0.46575,27,27,0,0
2687,0.46592,27,27,0,0
2688,0.46609,27,27,0,0
2689,0.46626,27,27,0,0
2690,0.46643,27,27,0,0
2691,0.46660,27,27,0,0
2692,0.46677,27,27,0,0
2693,0.46694,27,27,0,0
2694,0.46711,27,27,0,0
2695,0.46728,27,27,0,0
2696,0.46745,27,27,0,0
2697,0.46762,27,27,0,0
2698,0.46779,27,27,0,0
2699,0.46796,27,27,0,0
2700,0.46812,26,26,0,0
2701,0.46829,26,26,0,0
2702,0.46846,26,26,0,0
2703,0.46863,26,26,0,0
2704,0.46881,26,26,0,0
2705,0.46898,26,26,0,0
2706,0.46915,26,26,0,0
2707,0.46932,26,26,0,0
2708,0.46949,26,26,0,0
2709,0.46966,26,26,0,0
2710,0.46983,26,26,0,0
2711,0.46999,26,26,0,0
2712,0.47016,26,26,0,0
2713,0.47033,26,26,0,0
2714,0.47050,26,26,0,0
2715,0.47067,26,26,0,0
2716,0.47084,25,25,0,0
2717,0.47101,25,25,0,0
2718,0.47118,25,25,0,0
2719,0.47135,25,25,0,0
2720,0.47152,25,25,0,0
2721,0.47169,25,25,0,0
2722,0.47186,28,28,0,0
2723,0.47203,28,28,0,0
2724,0.47220,28,28,0,0
2725,0.47237,28,28,0,0
2726,0.47254,28,28,0,0
2727,0.47271,28,28,0,0
2728,0.47288,28,28,4,0
2729,0.47305,28,28,0,0
2730,0.47322,28,28,0,0
2731,0.47339,28,28,0,0
2732,0.47356,28,28,0,0
2733,0.47373,28,28,0,0
2734,0.47390,28,28,0,0
2735,0.47407,28,28,0,0
2736,0.47424,28,28,0,0
2737,0.47441,28,28,0,0
2738,0.47458,28,28,0,0
2739,0.47475,28,28,0,0
2740,0.47492,28,28,0,0
2741,0.47509,28,28,0,0
2742,0.47526,28,28,0,0
2743,0.47543,28,28,0,0
2744,0.47560,28,28,0,0
2745,0.47577,28,28,0,0
2746,0.47594,28,28,0,0
2747,0.47611,28,28,1,0
2748,0.47628,28,28,0,0
2749,0.47645,28,28,0,0
2750,0.47662,28,28,0,0
2751,0.47679,28,28,0,0
2752,0.47696,28,28,0,0
2753,0.47713,28,28,0,0
2754,0.47730,28,28,0,0
2755,0.47747,28,28,0,0
2756,0.47764,28,28,0,0
2757,0.47781,28,28,0,0
2758,0.47797,28,28,0,0
2759,0.47814,28,28,0,0
2760,0.47831,28,28,0,0
2761,0.47848,28,28,0,0
2762,0.47865,28,28,0,0
2763,0.47882,29,29,0,0
2764,0.47899,29,29,0,0
2765,0.47916,30,30,0,0
2766,0.47933,30,30,0,0
2767,0.47950,30,30,0,0
2768,0.47967,30,30,0,0
2769,0.47984,30,30,0,0
2770,0.48001,30,30,0,0
2771,0.48018,30,30,0,0
2772,0.48035,30,30,0,0
2773,0.48052,30,30,0,0
2774,0.48069,31,31,0,0
2775,0.48086,31,31,0,0
2776,0.48103,31,31,0,0
2777,0.48120,31,31,0,0
2778,0.48137,31,31,0,0
2779,0.48154,31,31,0,0
2780,0.48171,31,31,0,0
2781,0.48189,31,31,0,0
2782,0.48205,31,31,0,0
2783,0.48222,31,31,0,0
2784,0.48239,30,30,0,0
2785,0.48256,30,30,0,0
2786,0.48273,30,30,0,0
2787,0.48290,30,30,0,0
2788,0.48307,30,30,0,0
2789,0.48324,30,30,0,0
2790,0.48341,30,30,0,0
2791,0.48358,30,30,2,0
2792,0.48375,30,30,0,0
2793,0.48392,30,30,0,0
2794,0.48408,30,30,0,0
2795,0.48426,30,30,0,0
2796,0.48443,30,30,0,0
2797,0.48460,30,30,0,0
2798,0.48477,30,30,0,0
2799,0.48494,30,30,0,0
2800,0.48511,30,30,0,0
2801,0.48528,30,30,0,0
2802,0.48545,30,30,0,0
2803,0.48562,30,30,0,0
2804,0.48579,30,30,0,0
2805,0.48596,30,30,0,0
2806,0.48613,29,29,0,0
2807,0.48630,28,28,0,0
2808,0.48647,28,28,0,0
2809,0.48664,28,28,0,0
2810,0.48681,28,28,0,0
2811,0.48698,28,28,0,0
2812,0.48715,28,28,0,0
2813,0.48732,28,28,0,0
2814,0.48749,28,28,0,0
2815,0.48766,28,28,0,0
2816,0.48783,28,28,0,0
2817,0.48800,28,28,0,0
2818,0.48817,28,28,0,0
2819,0.48834,28,28,0,0
2820,0.48851,28,28,0,0
2821,0.48868,28,28,0,0
2822,0.48885,28,28,0,0
2823,0.48901,28,28,0,0
2824,0.48919,29,29,0,0
2825,0.48935,29,29,0,0
2826,0.48952,29,29,0,0
2827,0.48969,28,28,0,0
2828,0.48986,28,28,0,0
2829,0.49003,28,28,0,0
2830,0.49020,28,28,0,0
2831,0.49037,28,28,0,0
2832,0.49054,28,28,0,0
2833,0.49070,28,28,0,0
2834,0.49087,28,28,0,0
2835,0.49105,28,28,0,0
2836,0.49122,27,27,0,0
2837,0.49139,27,27,0,0
2838,0.49155,27,27,0,0
2839,0.49172,27,27,0,0
2840,0.49189,27,27,0,0
2841,0.49206,27,27,0,0
2842,0.49223,27,27,0,0
2843,0.49240,27,27,0,0
2844,0.49257,27,27,0,0
2845,0.49274,27,27,0,0
2846,0.49291,27,27,0,0
2847,0.49308,27,27,0,0
2848,0.49325,27,27,0,0
2849,0.49342,27,27,0,0
2850,0.49359,27,27,0,0
2851,0.49376,27,27,0,0
2852,0.49393,27,27,0,0
2853,0.49410,27,27,0,0
2854,0.49427,28,28,0,0
2855,0.49444,28,28,0,0
2856,0.49461,28,28,0,0
2857,0.49478,28,28,0,0
2858,0.49495,28,28,0,0
2859,0.49512,28,28,0,0
2860,0.49529,28,28,0,0
2861,0.49546,28,28,0,0
2862,0.49563,28,28,0,0
2863,0.49580,28,28,0,0
2864,0.49597,28,28,0,0
2865,0.49614,28,28,0,0
2866,0.49631,28,28,0,0
2867,0.49648,28,28,0,0
2868,0.49665,28,28,0,0
2869,0.49682,28,28,0,0
2870,0.49699,28,28,0,0
2871,0.49716,28,28,0,0
2872,0.49733,28,28,0,0
2873,0.49750,28,28,0,0
2874,0.49767,28,28,0,0
2875,0.49784,28,28,0,0
2876,0.49801,28,28,0,0
2877,0.49818,28,28,0,0
2878,0.49835,28,28,0,0
2879,0.49852,28,28,0,0
2880,0.49869,28,28,0,0
2881,0.49886,28,28,0,0
2882,0.49903,28,28,0,0
2883,0.49920,28,28,0,0
2884,0.49937,28,28,0,0
2885,0.49954,30,30,0,0
2886,0.49971,30,30,0,0
2887,0.49988,29,29,0,0
2888,0.50005,29,29,0,0
